"Y","A","V1","V2","V3","V4","V5","V6","V7","V8","V9","V10","V11","V12","V13","V14","V15","V16","V17","V18","V19","V20","V21","V22"
0,0,0.64,0,0,0,0,0,0.64,0.64,0,0,0,0,1.29,0,1.29,5.19,1.29,0,0,0.64,0,1.01341744260488
0,1,0.39,0.19,0,0,0.09,0.39,0,1.57,0.19,0,0,0,0.09,0,3.74,0.09,1.08,0,0,0.09,0,1.79956228129108
0,0,0,0,0,0,0,0,0,0,0,0,0,0,0,0,2.66,0,0,0,0,0,1.33,0.772882148578799
1,0,0,0,0,0,0,0.86,0,1.72,0.86,0,0,0,0,0,2.58,0,0.86,0,0,0,0,1.37523341376047
0,0,0.43,0.43,0.43,0.43,0,0,0,0.43,0,0,0,0,0,0,0.87,0,0,9.17,0,0,0,2.07731428066366
0,1,0,0,0,0,0,0,0,0,0,0,0,1.25,0,1.25,2.5,0,1.25,0,0,0,0,1.42935385058034
0,1,0,0,0,0,0,0,0,0,0,0,0,0,0,0,14.28,0,7.14,0,0,0,0,0
0,1,0,0,0,0,0,0,0,0,0,0,0,0,0,0,14.28,0,7.14,0,0,0,0,0
0,0,0,0,0.66,0,0,1.33,0,0,0,0,0,0,0,0,0,0,0,0,0,0,8,0.983201437156782
0,0,0,0,0,0,0.91,0,0,0,0,0,0,0,0,0,0.91,0,2.75,0,0,0,0,1.06471073699243
1,1,0.65,0,1.31,0,0,0,0,0.65,0,0,0.65,0,0,0,3.28,0,0.65,0,0,0.65,0,0.524728528934982
0,0,0.85,1.02,0.25,0.17,0.59,0.08,0.17,0.59,0.17,0,2.21,0.25,0.08,0.93,1.61,0.17,0.42,0,0.85,0.08,0,2.02154756326093
0,0,0,0,0,0,0,0,0,0,0,0,0,0,0,0,0,0,0.97,0,0,0,0.97,0.708035793053696
1,0,0.68,0,2.04,0,0,0,0,0,0,0,0,0,0,2.04,1.36,0.68,2.04,0,0,0,0,0.747161768866184
0,0,0,0,0,0,0.33,0.33,0.33,0.33,0.33,0,0,0,0,0.33,1.35,0,0.67,0,0,0,0,0.623797102425152
0,0,0,0,0,0,0,0,0,0,0,0,0,0,0,0,0,0,0,0,0,0,0,0.405465108108164
1,0,0,0,0,0,0,0,0,0,0,2.94,0,0,0,0,2.94,0,2.94,0,0,0,0,0
0,0,0.54,0,0,0,0,0,0,0,0,0,0,0,0,0,4.39,0,1.64,0,0,0,0,0.413433277757341
0,0,0,1.06,1.06,0,0,0,0,1.06,1.06,0,0,0,0,0,2.12,0,0,0,0,0,0,1.59107025507592
1,0,0,0,0,0,0,0,0,0,0,0,0,0,0,0,0,0,0,0,0,0,0,0
0,1,0.09,0,0,0,0,0,0,0,0.09,0,0,0,0,0.18,4.24,0,1.35,0,0,0,0,0.263901543786378
0,0,0.16,0.16,0,1.14,1.3,0.32,0.32,0.48,0,0,0,1.95,0,0.32,0.81,0.48,1.46,2.93,0.16,0.81,0,1.65173082462435
0,0,0,0,0,0,0,0,0,2,0,0,0,0,0,0,1,0,1,0,0,0,0,0.510425543744651
0,0,0,0.98,0.19,0.19,1.38,0.39,0,0.98,0,0.19,0,0.98,0,0,2.56,0.39,1.38,0,0,1.38,0,1.89491756133068
0,1,2.25,0,1.12,0,0,0,0,0.56,0.56,0,0,0.56,3.38,0,3.95,0,2.25,0,0,0,0,1.58412010444981
0,1,0.65,0,0.21,0.21,0.87,0.65,0.43,0.87,0,0,0,0.43,0,0.87,3.71,0,1.09,0.65,0,0.43,0,2.089391872533
0,1,0.23,0,0,0,0,0,0,0,0,0.23,0,0.23,0.23,0,7.1,0,1.89,0,0,0.23,0,0.257738196078709
0,0,0,0,0,0,2.5,0,0,0,0,0,0,0,0,0,0.5,0,1,0,0,0.5,0,2.33910986767642
1,1,0,0,0,0,0,0,0,0,0,0,0,0,0,0,0,0,0,0,0,0,0,0
1,1,0,0,1.05,0,0,0,0,0,0,0,0,3.15,0,1.05,0,0,1.05,0,0,0,0,1.59878133224557
0,0,0,0,0,0,0,0,0,0,0,0,0,0,0,0,0,0,0,0,0,0,3.96,0.988797422660903
0,0,0,0,0,0,0,0,0,0.5,0,0,0,0,0,0.5,1.5,0,0.5,0,0,0,2.01,0.834212620838548
0,0,0,0,0,0,0,0,0,0,0,0,0,0,0,0,0,0,0,0,0,0,8.33,1.2038727993256
0,0,0,0,0,0,0,0,0,0,0,0,0,1.96,0,0,0.98,0.98,0,0,0,0,0,0.580538236177291
0,0,0,0,0,0,0,0,0,0,0,0,0,0,0,0,0,0,0,0,0,0,0,0
0,0,0.37,0,0,0,0,0,0,0.37,0,0,0,0.37,0,0,0.37,0,0.37,0,0,0,0.37,0.971914635622152
1,0,0,0,0,0,0,0,0,0,0,0,0,0,0,0,0,0,0,0,0,0,0,0
0,0,0,0,0,0,0,0,0,0,0,0,0,0,0,0,4,0,0,0,0,0,0,0.859931998204771
1,0,0,0.09,0,0.27,0,0,0.18,1.49,0.09,0.09,0,0,0.46,0,0,1.49,0,0,0.09,0,2.42,0.768254653046751
0,0,0,0,0,0,0,0,0,0.93,0,0,0,0,0,0,2.34,0,0,0,0,0,0.93,0.89527136465008
0,0,1.11,0,0,0,0,0,1.11,0,0,0,0,0,0,0,0,0,0,0,0,0,0,0.250758718347183
0,1,0,0,0.62,0,0,0,0,0,0,0,0,0,0,0.62,1.25,0,0.31,0,0,0,0,1.3169442829851
0,0,0,0,0,0,0,0,0,0,0,0,0,0,0,0,0,0,0,0,0,0,0,0
0,0,0.56,0,0,0,0,0,0,2.27,0,0,0,0,0,0,1.98,0,0.28,0,0,0,0.85,0.673964361143171
0,0,0,0,0,0,0,0,0,0,0,0,0,0,0,0,2.66,0,0,0,0,0,0,0.565881829514069
1,0,0,0,0,0,0,0,0,0,0,0,0,0,0,0,0,0,0,0,0,0,0,0
1,1,0,0.79,0,0,0,0,0,0,0,0,0,0.79,0,0,1.58,0,0,0,0.79,0,0,1.75665029211449
1,0,0,0,0,0,0,0,0,4.54,0,0,0,0,0,0,0,0,0,0,0,0,0,0.693147180559945
0,0,0,0,0,0,0,0,0,0,0,0,0,0,0,0,0,0,0,0,0,0,1.73,0.68208623320052
1,0,0,0,0,0,0,0,0,1.13,0,0,0,0,0,1.13,1.13,0,1.13,0,0,0,2.27,0.594431207620788
1,0,0,0,0,0,0,0,0,0,0,0,0,0,0,0,0,0,0,0,0,0,0,0.510425543744651
1,0,0,0,0,0,0,0,0,4.08,0,0,0,0,0,0,0,0,0,0,0,0,0,0.510425543744651
0,0,0,0,0,0,0,0,0,0.15,0,0,0,0,0,0.15,1.38,0,0.61,0,0,0,1.38,0.608133806232989
1,0,0,0.59,0,0.59,0,0,0,0,0,0,0,0,0,0,0,0,0,0,0.59,0,0,0.743364896720563
0,0,0,0,0,0,0,0,0,0,0,0,0,0,0,0,0,0,0,0,0,0,0,0.235862323721984
0,0,0,0,0,2.53,0,0,0,0,0,0,0,0,1.26,0,0,0,0,0,0,0,0,1.38629436111989
0,0,0,0,1.11,0,0,1.11,0,0,0,0,0,0,0,0,2.22,0,1.11,0,0,0,0,1.38629436111989
0,0,0,0,0,0,0,0,0,0,0,0,0,0,0,0,0,0,4.16,0,0,0,0,1.06471073699243
0,0,0,0,0,0,0,0,0,0,0,0,0,0,0,0,0,0,0,0,0,0,2.7,0.336472236621213
0,0,0.1,0.1,0.2,0.2,0.1,0,0,0.2,0.1,0.2,0,0,0,0,0,0,0,0,0,0,3,0.794800834286445
0,0,0,0,0,0,0,0,0,0,0,0,0,0,0,0,2.83,0,0,0,0,0,0,0.851005265175526
1,1,0.38,0.38,0,0,0,0,0,0.38,0,0,0,1.54,0,0,5.4,0,2.31,0,0,0.38,0,1.73448340140832
1,0,0,0,0,0,0,0,0,0,0,0,0,0,0,0,0,0,0,0,0,0,0,1.46626014275777
0,0,1.1,0.55,2.2,0,0,0.55,0,0.55,0,0,0,0,0,0.55,3.31,0,1.1,0,0,0,0,2.82292530912862
1,1,0,0,0,0,0.39,0,0,1.97,0.79,0,0,0,1.18,0,0.79,0.39,0,0,0,0,0.39,0.206200830583898
1,0,1.49,0,0,0,0,0.99,0.49,0,0,0,0,0.49,0,0,0.99,0.49,1.99,0,0,0.49,0,1.55814461804655
0,0,0,0,0,0,0,0,0,0,0.73,0,0,0,0,0,3.67,0,0.73,0,0,0,1.47,0.775187890896155
0,0,0,0,0,0,0,0,0,0,0,0.88,0,0,0.88,0.88,2.65,0,1.76,0,0,0,0.88,0.314810739840034
1,0,0.19,0.12,0,0.25,0.76,0.31,0.25,1.52,0.31,0.38,0,0.38,0.44,0.06,2.98,0.69,1.26,0,0.44,0.76,0,1.29855544681188
1,1,0,0.08,0,0.08,0.08,0,0.16,0.74,0.57,0.16,0,0,0.41,0,0,0,0,0,0.24,0,3.3,0.630207380786071
0,0,0,0,0,0,0,0,0,2.4,0,0,0,0,0,0,2.4,0,4.81,0,0,0,0,1.38629436111989
0,0,0,0,0,0,0,2.63,0.87,0.87,0,0,0,0,0,0,1.75,0,0,0,0,0,1.75,0.569283193337559
0,0,0.32,0.24,0.04,1.16,0.4,0.4,0.12,0.68,0.52,0.4,0.28,0.64,0.36,0.4,3.06,0.16,1.28,0,0.36,0.6,0,1.17093295024774
0,1,2.17,0,0,0,0,0,0,2.17,0,0,0,2.17,0,2.17,6.52,0,2.17,0,0,0,0,0.287432041196572
0,0,0,0,0,0,0,0,0,0,0,0,0,0,0,0,0,0,0,0,0,0,0,0.635518067723309
0,0,0.79,0.79,0,0,0,0,0,0,0,0,0,0,0,0,3.17,0,0,0,0,0,0,0.0732504617395927
0,0,0,0,0,0,0,0,0,0,0,0,0,0,0,0,2.7,0,0,0,0,0,0,0.250758718347183
0,0,0.15,0,0.46,0,0,0,0.62,0.62,0.15,0,0,0.31,0.15,0.93,2.63,0,2.01,0,0,0,0,1.83545732449377
1,0,0,0,0,0,0,0,0,0,0,0,0,0,0,0,0,0,0,0,0,0,0,0.538829820175588
0,1,0,0,0,0,0,0.64,0,1.28,0,0,0,0,0,0,3.52,0,1.6,0,0,0,0.96,0.502591818838887
0,0,0,0.69,0,0,0.23,0,0,0,0,0,0,0,0,0,0,0,0,0,0,0,0.92,0.440832251945456
0,1,1.06,0,0,0,0,0,0,1.06,0,0,0,0,0,0,1.06,0,1.06,0,0,0,1.06,0.336472236621213
0,0,0,0,0,0,0,0,0,0,0,0,0,0,0,0,0,0,0,0,0,0,0,0
0,0,1.56,0,1.56,0,0,0,0,0,0,0,0,0,0,0,1.56,0,0,0,0,0,0,2.08976309075171
0,0,0,0,0,0,0,0,0,0,0,0,0,0,0,0,2.53,0,0,0,0,0,1.26,0.564176799262985
0,1,0,0,0,0,0,0,0,0,0,0,0,1.23,1.23,0,4.93,0,3.7,0,0,0,0,1.42935385058034
1,0,0,0,0,0,0,0,0,3.84,0,0,0,0,0,0,0,0,0,0,0,0,0,0.832909122935104
0,0,1.17,0,0,0,0,0,0,0.39,0,0,0,0.78,0,0,1.56,0,1.96,0,0,0.78,0,1.41366630791574
1,1,0.72,0.48,0,0,0.24,0,0.48,0.24,0,0,0,0.48,0,0,1.2,0,1.44,0,0.48,0.24,0,0.848440064965981
0,1,0,0,0,0.57,0,0,0,0.57,1.72,0,0,0,0.57,0,4.59,0,0,0,0,0.57,0,0.847154993039293
0,0,1.28,0,0.28,0,0,0,0,0.28,0,0,0,0.14,0,0,1.7,0,0.85,0,0,0.42,0,1.94591014905531
0,0,1.17,0,0.58,0,0,0,0,0.58,0,0,0,0.58,0,0,1.76,0,0,0,0,0,0,0.927823967687828
0,0,0,0,0,0,0,0,0,0,0,0,0,0,0,0,0,0,0,0,0,0,0,1.09861228866811
0,0,0.32,0,0,0,0,0,0,0.32,0,0,0,0,0,0.32,0.64,0,0.32,0,0,0,1.28,0.651804217025563
0,0,0,0,0,0,0,0,0,0,0,0,0,0,0,0,0,0,0,0,0,0,0,0
0,0,0,0,0,0,0,0,0,0,0,0,0,0,0,0,0,0,0,0,0,0,0,0
0,0,0,0,0,0,1.81,0,0,0,0,0,0,0,0,0,7.27,0,1.81,0,0,0,0,0.117783035656383
0,0,1.53,0.15,0,0.46,0,0,0.07,0.46,0.46,0,0,0,0.07,0,0.76,0,0.38,0,0,0,0.69,0.53356511073548
1,0,0,0,0,0,0,1.26,0,1.26,0,0,0,0,0,1.26,2.53,0,0,0,0,0,0,1.04450802967491
1,0,0,0,0,0,0,0,0,0,0,0,0,0,0,0,2.32,0,1.16,0,0,0,0,0.75377180237638
1,0,0,0,0,0,0,0,0,0.19,0,0,0,0,0,0,0,0,0,0,0,0,0.19,0.790273891290668
0,1,0,0,0,0,0,0,0,0,0,0,0,1.66,0,0,3.33,0,1.66,0,0,0,0,2.07944154167984
0,0,0.4,0,0.4,0,0,2.4,0,0,0,0,0.4,0.8,0,0,2,0.4,2,0,0,0,0,1.40069024140362
0,0,0,0.56,0,0,0,0,0,0.14,0,0,0,0,0,0.28,2.41,0,0.14,0,0,0,0,0.12751332029896
1,1,0,0,0,0,0,0,0,0,0,0,0,0,0,0,0,0,0,0,0,0,0,0
0,0,0,0.54,1.63,0,0,0,0.54,0.54,0,0,0,0.54,2.73,0.54,4.91,0,2.18,0,0,0,0,0.952429778490028
0,0,0.45,0.11,0,0.57,0.79,2.73,0.34,0.11,0.22,0,0.45,0.11,0.68,0.45,3.07,0,1.71,0,1.82,1.14,0,2.28513369938029
0,0,0,0,0,0,0,0,0,0.72,0,0,0,0,0,0,1.45,0,2.18,0,0,0,1.45,0.640273690952877
0,1,0,0.51,0,0,0,0,0,0,0.51,0,0,0.51,0,0,1.03,0,0,0,0,0,0,0.197210169287705
0,0,0,0,0,0.5,0,0,0,1,0.5,0,0,0,0,0,1.5,0,0,0,0,0,1,0.394067063155795
1,1,0,0,0,0,0,0,0,1.25,0,0,0,0,0,0,2.5,0,0,0,0,0,0,0.75377180237638
0,0,0,0,0,0,0,1.2,0,2.4,0,0,0,0,0,0,4.81,0,1.2,0,0,0,0,0.0601539228197471
0,0,0,0,0,0,0,0,0,2.1,0,0,0,0,0,0,2.1,0,1.05,0,0,0,0,0.242946178610389
1,0,0,0,0,0,0,0,0,0.72,1.81,0,0,0,0,0,0.72,0,1.09,0,0,0.72,0,0.940788203474542
1,0,0,0,0,0,0,0,0,1.29,0,0,0,0,0,0.43,1.29,0,1.29,0,0,0,0,0.375692949774494
0,0,0,0,0.59,0,0,0.59,0,0.59,0,0,0,0,0,1.18,1.77,0,0,0,0,0,0,2.15013296980237
0,0,0,0.11,0,0,1.01,0,0,0.33,0,0,0,0,0,0,0.44,0,0.22,0,0,0,0.78,1.15970738802792
0,0,0.64,0.64,0.64,0.32,0,0,0,0.32,0.32,0,0,0.32,0.32,0.32,2.27,0,3.24,0,0,0.32,0,0.523544396173765
0,0,0,0,0,0,0,0,0,0,0,0,0,0,0,0,0,0,0,0,0,0,7.14,1.28093384546206
1,0,0.37,0,0,0,0,0,0,0.37,0.37,0,0,0,0.75,0,1.12,0,0.37,0,0,0,0,0.0639133257436529
0,1,0.54,0,0,0,0,0,0,0,0,0,0,0,0,0,4.39,0,1.64,0,0,0,0,0.413433277757341
1,0,0,0,0,0,0,0,0,0,0,0,0,0,0,0,3.33,0,0,0,0,0,0,0.318453731118535
0,0,0,0,0,0,0,0,0,0,0,0,0,0,0,0,6.75,0,1.35,0,0,0,0,0.648672690458116
0,0,1.85,0.37,0.37,0,0,0.74,0,0.37,0,0,0,1.11,0,0,1.85,0,3.34,0,0,0,0,0.913085600925207
1,0,0,0,0,0,0,0,0,0,0.8,0,0,0,0,0,2.4,0,0.8,0,0,0,0,0.467500499027617
1,0,1.41,0,0,0,0,0,0,1.76,0,0,0,0,0.35,0,0,0,0,0,0,0,1.06,0.745739630679116
0,0,0,0,0,0,0,0,0,0,0,0,0,0,0,0,0,0,0,0,0,0,0,1.24559447901676
0,1,3.09,0,1.03,1.03,0,1.03,0,1.03,0,0,0,2.06,0,0,2.06,0,1.03,0,0,0,0,2.36949579827667
0,0,0.81,0,0.81,0,0,0.4,0,0,0,0,0,0,0,0,1.22,0,0.81,0.81,0,0,0,1.56715652017749
0,1,0.82,0,0,0,0,0,0,0.55,0.41,0,0,0,0,0,1.24,0,1.1,0,0,0,1.65,1.02245092770255
1,1,0,0,0,0,0,0,0,0,0,0,0,0,0,0,4,0,0,0,0,0,0,0.628608659422374
0,0,1.57,0.36,0.06,0.06,0.06,0.12,0.06,0.54,0.3,0.06,0,0,0.72,0.06,4.49,0.24,1.09,0,0.85,0.06,0,0.551583616238158
0,0,0,0,0.34,0,0,0.34,0,0,0,0,0.34,0.68,0,1.37,1.03,0,1.03,0,0,0,0,1.14135244234427
1,0,0,0,0,0,0,18.18,0,0,0,0,0,0,0,0,0,0,0,0,0,0,0,2.99573227355399
0,1,0,0,0,0,0,2.12,0,2.12,0,0,0,0,0,0,6.38,0,0,0,0,0,0,0.990284411782481
1,0,0,0,0,0,0,0,0,0,0,0,0,0,0,0,0,0,0,0,0,0,0,0
0,1,0,0,0,0,0,0,2,2,0,0,0,0,0,0,2,0,8,0,0,0,0,1.77291638142658
0,0,0,0,0,0,0,0,0,0.58,0,0,0,0,0,0,0.58,0,0,0,0,0,1.76,0.693147180559945
1,1,0,0,0,0,0,0,0,1.92,0,0,0,1.92,0,0,3.84,0,1.92,0,0,0,0,0.476855104194837
1,0,0,0,0,0,0,0,0,0,0,0,0,0,0,0,0,0,0,0,0,0,0,0.405465108108164
1,0,0,0,0,0,0,0,0,0,0,0,0,0,0,0,0,0,0,0,0,0,0,0.587786664902119
0,0,0.16,0.05,0,0,0.48,0,0,0.16,0,0,0,0,0,0.05,0.21,0,0.16,0,0,0,0.64,1.01450577937111
0,0,1.77,0.22,0.44,0.44,0.22,2.88,0,0.88,0.22,0,1.1,0.44,0,0.44,3.32,0,3.32,0,0.44,0.44,0,4.4624538837865
0,0,1.49,0,0,0,0,0.99,0.49,0,0,0,0,0.49,0,0,0.99,0.49,1.99,0,0,0.49,0,1.55814461804655
1,1,0,0,0,0,0,0.84,0,0.84,0,0,0,0,0,0,4.2,0,0,0,0,0,1.68,0.374318379111328
0,0,0.59,0,0,0,0,0,0,0.59,0,0,0,0,0,0,0,0,0,0,0,0,1.79,0.625938430866495
0,0,0,0,0,0,0,1.63,0,0,0,0,0,0,0,0,2.45,0,0,0,0,2.45,0,1.3102229241686
0,1,0,0,0,0,0,0,0,0,0,0,0,0,0,0,5.66,0,1.88,0,1.25,0,0,0.765467842139571
0,0,0.32,0.16,0,0.49,0.65,0.49,0.16,1.3,0,0,0.16,1.14,1.3,0.16,3.6,0.49,1.8,0,0,0.49,0,1.7635314477715
1,1,0,0,0,0,0,0,0,0,0,0,0,0,0,0,0.95,0,0,0,0,0,0.95,0.761739972025557
0,0,0,0,0,0,0,0,0,0,0,0,0,0,0,0,6.81,0,0,0,0,0,0,0
1,0,0,0,0,0,0,0,0,1.56,0,0,0,0,0,0,0,0,0,0,0,0,0,0.510425543744651
0,0,0,0.8,0,0,0,0,0,0,0,0,0,0,0,0,2.4,0,0,12.8,0,0,0,2.05668455455722
1,0,0,0.8,0,0,0,0,0,1.61,0,0,0,0,0,0,0.8,0,0.8,0,0,0,0.8,0.344298672870677
0,0,0,0,0,0,0,0,0,4.16,0,0,0,0,0,0,0,0,0,0,0,0,0,0.73716406597672
0,0,0.53,0,0,0.53,0,0,0,1.06,0,0,2.12,0,0.53,0.53,2.65,0,2.65,0,1.59,0,0,1.61700917793042
0,0,0,0,0,0,0,0,0,0,0,0,0,0,0,0,1.94,0,0,0,0,0,0,0.231111720963387
0,0,0,0,0,1.29,0,0.43,0,0,0,0,0,0.43,0,1.73,0.43,0,0.43,0,0,0,0,0.390013003549243
0,1,0.12,0,0,0.12,0.25,0.12,0.12,0.38,0.12,0,1.14,0,0.12,2.04,2.8,0.12,1.27,0,0,0.12,0,1.05709560846518
0,1,0.85,0.21,0.21,0,0,1.5,0,0,0,0,1.07,0,0.21,0,0.64,0.21,1.71,7.08,1.28,0,0,2.20298572777129
0,0,0,0,0.9,0,0,0,0,0,0,0,0,0,0.9,0.9,1.81,0,2.72,0,0,0.9,0,1.03602741347649
0,1,0,0,0,0,0,1.33,0,0,0,0,0,0.66,0,0,3.33,0,2.66,0,0,0,0,0.911077164821268
0,0,0,0,0,0,0,0,0,0,0,0,0,0,0,0,0,0,0,0,0,0,7.14,1.28093384546206
1,0,0,0,0,0,0,0,0,0,0,0,0,0,0,0,0,0,0,0,0,0,0,0
0,0,0,0,0,0,0,0,0,0,0,0,0,0,0,0,5.45,0,3.63,0,0,0,0,0.117783035656383
0,0,0,0,0,0,0,0,0,0,0,0,0,0,0,7.69,0,0,0,0,0,0,0,0
1,1,1.15,0,0.23,0.23,0,0.46,0,0.69,0.23,0,0,0,0.69,0.69,2.76,0,1.84,0,0,0.23,0,0.621651178854875
0,0,0.54,0,1.08,0,0,0,0,0.54,0,0,0,0.54,0.54,0,4.32,0,1.08,0,1.62,0,0,1.6963492844234
1,0,0,0.09,0,0.27,0,0,0.18,1.49,0.09,0.09,0,0,0.46,0,0,1.49,0,0,0.09,0,2.42,0.768254653046751
0,0,0.87,0.87,0,0,0,0.43,0,2.18,0,0,0,0,1.74,0,0.87,0,0.87,0,0,0.43,0,1.63198187686899
0,0,0,0,0,0,0,0,0,0.94,0,0,0,0,0,0,1.89,0,0.94,0,0,0,1.42,0.806475865866949
1,0,0.87,0,0,0,0,0,1.31,0.43,0,0,0,1.75,0,1.31,2.63,0,0.87,0,0,0,0,0.542324290825362
1,0,0,0,0,0,0,1.86,0,1.24,0,0,0,0,0,0,0,0,0,0,0,0,2.48,0.966983846189673
0,0,0,1.29,0,0.64,0,0,0,0,0,0,0,0,0,0,3.87,0,0.64,0,0,0,0,0.587786664902119
1,0,1.11,1.11,0.27,0,0,0,0,0.83,0,0,0,0.83,1.11,0.27,1.38,0,1.11,0,0.55,0,0,0.921079248605952
0,0,0,0,0,0,0,1,0,0,0,0,0,0,0,0,2,0,0,0,0,0,0,0.880870786642895
0,0,1.16,0,0,0,0,1.16,0,2.32,0,0,0,0,0,0,0,0,0,0,0,0,1.16,1.21757980773215
1,0,0,0,0,0,0,0,0,3.7,0,0,0,0,0,3.7,0,0,0,0,0,0,3.7,0.38253760346446
1,0,0,0,0,0,0,0,0,0,0,0,0,0,0,0,0,0,0,0,0,0,0,0.117783035656383
0,0,0,0,0,0,0,0,0,0,1.26,0,0,0,0,0,2.53,0,1.26,0,0,0,0,1.47063550955364
0,0,1.01,0,0,0,0,0,0,0,0,0,0,0,0,0,0,0,0,0,0,0,0,1.9047904911901
0,0,0.47,0,0,0.47,0,1.88,0,2.35,0,0.47,0,0.47,0,0,1.88,0,5.18,0,0,0,0,4.04707823642101
1,0,0,0,0,0,0,0,0,4.16,0,0,0,0,0,0,0,0,0,0,0,0,0,0
0,0,0,0,0,0,0,0,0,0,0,0,0,0,1.48,0,1.48,0,0.74,0,0,0,2.96,0.938052223655668
1,0,0.51,0,0,0,0,0,0,0.51,0,0,0,0,0,0.51,0,0,0,0,0,0,0,0.519388854426479
0,0,1.46,0,0.83,0,0.2,1.04,0,0.41,0,0,0,0,0,1.46,1.04,0,0.2,0,0.2,0,1.46,1.3326298365342
0,0,0,0,0.88,0,0,0,0,0.88,0,0,0,0,0,0,0.88,0,0,0,0,0,0,0.487966329619908
0,0,0,0.08,0,0.34,0,0.17,0.08,0.34,0,0,0,0,0.87,0,0.26,0,0,0,0,0,2.79,1.16471209037263
0,0,0,0,0,0,0,0.11,0,0.45,0,0,0,0.11,0.11,0,2.81,0,0.9,0,0,0,0,1.07976920086663
0,1,0,0,0,0,0,0,0,0,0,0,0,0,0,0,0,0,0,0,0,0,16.66,1.13943428318836
1,0,0,0,0,0,0,0,0,0,0,0,0,0,0,0,0,0,0,0,0,0,1.63,0.392042087776024
0,0,0,0,0,0,0,0,0,0,0,0,0,0,0,0,0,0,1.81,9.09,0,0,0,3.06469847801871
0,0,0,0,0,0,0,0,0,0,1.38,0,0,0,0,0,0,0,1.38,0,0,0,0,0.986189859253822
0,0,0,0,0,0,0,0.42,0,0,0,0,0,0,0,0,1.26,0,0.21,8,0,0,0,1.92015268399645
0,0,0.43,0.6,0.43,0.26,0.69,0.52,0.26,1.3,0.17,0,0.6,0.78,0.17,1.39,2.43,0.17,1.13,0,0.95,0.17,0,1.85551643503081
1,0,0,0.7,0,0,0,0,0,0,0,0,0,0,0,0,3.54,0,0.7,0,0,0,0,0.318453731118535
1,1,0.13,0.2,0.06,0.33,0,1.14,0.33,1.07,1,0,0.26,0.4,0.06,0,4.1,0,0.94,0,0.53,0.26,0,1.53104384500609
1,0,0.87,0,0,0,0,0,1.31,0.43,0,0,0,1.75,0,1.31,2.63,0,0.87,0,0,0,0,0.542324290825362
1,1,0,0,0,0,0,0,0,0,0,0,0,1.26,0,0,1.26,0,0,0,0,0,0,2.28085060084804
1,0,0,0,0,0,0,0,0,0,0,0,0,0,0,0,0,0,0,0,0,0,0,0.424613926946925
0,1,1.11,0,0,0,0,0,0,0,0.92,0,0.18,0,0.37,0.37,3.15,0,0.92,0,0,0,0,0.330741561912228
0,1,0,0,0,0,0,0,0,1.31,0,0,0,0,0,0,1.31,0,5.26,0,0,1.31,0,1.57235890419268
0,0,0,0,0,0,0,0,0,0,0,0,0,0,0,0,0,0,0,0,0,0,0,0.470003629245736
1,0,0,0,0,0,0,0,0,0,0,1.56,0,0,0,0,1.56,6.25,1.56,0,0,0,0,1.71397809170802
0,1,0.52,0,0,0.52,0,0,0,1.05,0,0,2.11,0,0.52,0.52,2.64,0,2.64,0,1.58,0,0,1.61700917793042
1,0,0,0,0,0,0,0,0,1.09,0,0,0,0,0,0,2.19,0,0,0,0,0,0,0.879211723632734
0,0,0,0,0,0,0,0,0,4.58,0,0,0,0,0.91,0,0,0,0.91,0,0,0,1.83,1.26440917312977
1,0,0,0,0.76,0,0,0,0,0,0.76,0,0,0,0,0,0.76,0.76,0,0,0,0,0,2.4010720397087
1,1,0,0,0,1.09,0,0,0,0,0,0,0,0,0,0,0,0,1.09,0,0,0,0,1.59756773986361
0,0,0,0,0,0,0,0,0,0,0,0,0,0,0,0,0,0,0,0,0,0,6.06,1.01160091167848
0,0,0,0,0,0,0,0.41,0,1.25,0,0,0,0,0,0,2.91,0,0.41,0,0,0,0,0.430482871083452
0,0,0,0,1,0,0,1,0,1,0,0,0,0,0,0,3.01,0,0,1.5,0,0,0,1.49872979044968
0,0,0,0.24,0,0,0,0,0,0.72,0,0,0,0,0,0,0.24,0,0,0,0,0,2.65,1.2005670111911
0,1,0,1.42,0,0,0,0,0,0,0,0,0,0,0,0,7.14,0,0,0,0,0,0,0
1,0,0,0,0,0,0,0,0,0,0,0,0,0,0,0,0,0,0,0,0,0,0,0
1,0,0,0,0,0,0,0,0,0,0,0,0,0,0,0,0,0,0.63,0,0,0,0,2.22893855282575
1,0,0,0,0,0,0,0,0,0,0.6,0,0,0,0,0,0.6,0,1.21,0,0,0,0,0.42853038103916
0,0,0,0,0,0,0,0,0,0,0,0,0,0,0,0,0,0,0,0,0,9.09,0,1.09861228866811
1,0,0,0,0,0,0,0,0,0,0,0,0,0,0,0,0,0,0,0,0,0,0,0.826366024346168
1,0,0,0,0,0,0,5,0,0,0,0,0,0,0,0,0,0,0,0,0,0,0,1.57339614108683
1,0,0,0,0,0,0,0,0,0,0,0,0,3.12,0,0,0,0,0,0,0,0,0,1.13943428318836
0,0,0.76,0.38,0.38,0.38,0,0,0.38,0,0,0,0,0.38,0,0,3.46,0,1.92,0,0,0,0,0.723191301908322
0,1,0.23,0,0,0,0.23,0.23,0.23,1.9,0,0,0,0.23,0,0,3.81,0.23,1.19,0,0,0,0,1.39177929135046
1,0,0,0,0,0,0,0,0,0,0,0,0,0,0,0,1.13,0,2.27,0,0,0,0,0.646579544743611
0,0,0,0.51,0,0,0,0,0,0,0.51,0,0,0.51,0,0,1.03,0,0,0,0,0,0,0.197210169287705
0,1,0,0,0,0,0,0,0,2.63,0,0,0,0,0,0,5.26,0,1.31,0,0,0,1.31,0.235862323721984
0,0,0,0,0,0,0,0.67,0,0,0,0,0,0,0,0,1.35,0,1.35,0,0,0,0,1.21905844174398
0,0,0.54,0,1.08,0,0,0,0,0.54,0,0,0,0.54,0.54,0,4.32,0,1.08,0,1.62,0,0,1.6963492844234
1,0,0,0,0,0,0,0,0,0,0,0,0,0,0,3.57,0,0,0,0,0,0,7.14,0.522951803563831
0,0,0,0,0.23,0,0,0.47,0,0,0,0,0,0,0,0,1.17,0,0.23,0,0,0,1.64,0.883767540168595
0,0,0,0,0,0,0,0,0,0,0,0,0,0.6,0,0,0,0,0,0,0,0.6,0,1.50674051419576
0,1,0.25,0.25,0,0,0,0.51,0,1.55,0,0,0,0.77,1.55,0,4.9,0,2.58,0,0.77,0.25,0,1.75336508124074
0,0,0,0.27,0,0,0.82,0,0,0.27,0,0,0,0,0,0,0,0,0,0,0,0,0,0.980579221756517
1,0,1.11,0,0,0.55,0,3.91,0,0,0,0,0,0.55,0,0,1.67,0,2.23,0,0,0,0.55,0.132781111233818
0,1,0.15,0,0.46,0,0,0,0.62,0.62,0.15,0,0,0.31,0.15,0.93,2.63,0,2.01,0,0,0,0,1.83545732449377
1,0,0,0,0,0,0,0,0,0,0,0,0,0,0,0,0,0,0,0,0,0,0,0.887067873197252
1,0,0,0,0,0,0,0,0,0,0,0,0,0,0,0,0,0,0,0,0,0,0,0.618962282370569
0,0,0,0,0,0,0,0,0,0,0,0,0,0,0,0,2.29,0,0,0,0,0,2.29,1.31908561142644
1,0,1.14,0,0,0,0,0,0,1.14,0,0,0,0,0,0,0,0,0,0,0,0,0,0.173953307123438
1,0,0.59,0,0,0,0,0,0,0.59,0,0,0,0,0,0,0,0,0,0,0,0,1.79,0.625938430866495
0,0,0,0,0,2.5,0,0,0,0,0,0,0,0,1.25,0,0,0,0,0,0,0,0,1.26553815998409
0,0,0,0,0,0,0,0,0,0,0,0,0,0,0,0,1.92,0,0.64,0,0,0,0,0.998423561412677
0,0,0,0,0,0,0,0,0,0,0,0,0,0,0,0,4.69,0,0,0,0,0,0,1.22377543162212
0,0,0.36,0.36,1.1,0,0,0,0,0.36,0,0,0,0.36,1.84,0.73,2.58,0,1.1,0,0.36,1.1,0,1.4841014211228
1,0,0.26,0.26,0,0,0,0.26,0,0.26,0,0,0,0.26,0,0,2.08,0,2.6,0,0,0,0.26,0.934130650002486
1,0,0.23,0,0,0,0.23,0.23,0.23,1.9,0,0,0,0.23,0,0,3.81,0.23,1.19,0,0,0,0,1.39177929135046
1,0,0.13,0,0,0,1.18,0,0,0.52,0,0,0,0,0,0,0.52,0,0.26,0,0,0,0.65,1.15845228902413
0,1,0.45,0.45,0,0.11,1.02,1.59,0.11,0.34,0.22,0.11,2.16,0,0.45,0.11,3.53,0,1.25,0,0.45,0.45,0,1.43864959145382
0,0,0.09,0,0,0.55,0,0.09,0,0.73,0.09,0,0,0,0.55,0,0.09,0,0,0,0.36,0.09,3.48,0.782987884559735
1,1,0,0,0,0,0,0,0,2.27,0,0,0,1.13,0,1.13,2.27,0,0,0,0,0,0,2.17031005368423
0,0,0.17,0.17,0,0,0.34,0.17,0,2.07,0,0,0,0.17,0,0,2.24,0,1.03,0,0,0,0.34,1.07363630259793
0,0,1,0,0,0,0,0,0,1,0,0,0,0,0,0,0,0,0,0,0,0,0,0.377751269540649
0,0,0,0,0,0,0,0.72,0,0.72,0,0,0,0,0,0,4.37,0,0,0,0,0,1.45,0.392042087776024
0,0,0,0,0,0,0,1.05,0,1.31,0,0,0,0,0,0,0.26,0,0.26,0,0,0,0.26,1.00210138828727
0,0,0,0,0,0,0,0,0,0,0,0,0,0,0,0,1.08,0,0,0,0,0,7.6,0.884180677955921
0,0,0,0,0,0,0,0,0,0,0,0,0,0,0,0,0,0,0,0,0,0,0,1.09861228866811
0,0,0.05,0.13,0.05,0.26,0.44,0.75,0.26,0.96,0.57,1.22,0,0.1,0.44,0,3.21,0,1.48,0,1.01,0.33,0,1.80005827204275
0,0,0,0,0,0,0,0,0,0,0,0,0,0,0,0,3.33,0,6.66,0,0,0,0,0.262364264467491
0,1,0,0,0,0,0,0,0,0,0,0,0,2.4,0,0,2.4,0,2.4,0,0,0,0,0.916290731874155
0,0,0.09,0,0,0,0,0,0,0,0.09,0,0,0,0,0.18,4.24,0,1.35,0,0,0,0,0.263901543786378
0,1,0,0,0,0,0,0,0,0,0,0,0,0,0,0,6.45,0,0,0,0,0,0,0.405465108108164
1,0,0,0,0,1.4,0.35,0.35,0,0.35,0,0,0,2.1,0.7,0.35,2.1,3.15,2.1,0,0.35,1.4,0,0.153579087928301
0,1,0.12,0,0,0.12,0.25,0.12,0.12,0.38,0.12,0,1.15,0,0.12,2.04,2.81,0.12,1.27,0,0,0.12,0,1.05709560846518
0,0,0,0,0,0,0,0,0,0,0,0,0,0,0,0,0,0,0,0,0,0,0,0
0,0,0,0,0,0,0,0,0,1.12,0,0,0,0,0,0,2.24,0,0.56,0,0,0.56,0,0.804688555292853
0,0,0,0,0,0,0,1.12,0,0,0,0,0,0,0,0,1.69,0,0.56,2.25,0,0,0,1.26327891022334
0,0,0.64,0.64,0.32,0.64,0,0,0,0.32,0.32,0,0,0.32,0.32,0,2.27,0,3.24,0,0,0.32,0,0.401457086710626
1,0,0,0,0,0,0,0,0,0,0.8,0,0,0,0,0,2.4,0,0.8,0,0,0,0,0.467500499027617
1,0,0,0,0,0,0,0,0,0,0,0,0,0,0,0,0,0,0,0,0,0,0,0
0,1,1.47,0.35,0,0.05,0.05,0.05,0.05,0.52,0.29,0.05,0,0,0.7,0,4.17,0.23,1.11,0,0.76,0.05,0,0.582215619852664
0,0,0.52,0,0,0,0,0,0,0,0,0,0,0.52,0,0,1.56,0,0,0,0,0,0,0.797507195884188
0,0,0,0,0,1.12,0,0,0,0,0,0,0,0,0,0,0,0,0,0,1.12,0,0,1.41098697371026
0,0,0.4,0,0.8,0.4,0,0,0,0.8,0.4,0,0,0.8,0.4,1.2,3.62,0,1.61,0,0,1.61,0,1.89491756133068
1,1,0.78,0.78,0.49,0,0.78,0.19,0.29,0.68,0.29,0,1.57,0.09,0,1.08,1.28,0.19,0.68,0,0.59,0.09,0.09,2.11902276676396
0,0,0.32,0.16,0,0.49,0.65,0.49,0.16,1.3,0,0,0.16,1.14,1.3,0.16,3.6,0.49,1.8,0,0,0.49,0,1.7635314477715
0,1,0.47,0,0,0.47,0,1.91,0,2.39,0,0.95,0,0.47,0,0,1.91,0,5.26,0,0,0,0,4.04707823642101
0,0,0.6,0,0.6,0,0,0,0,0,0.6,0,0,0,0,0.6,1.81,0,1.21,0,0,0.6,0,1.81905032946396
0,1,0.52,0,0,0.52,0,0,0,1.05,0,0,2.11,0,0.52,0.52,2.64,0,2.64,0,1.58,0,0,1.61700917793042
0,0,0,0,0,0,0,0,0,0.99,0,0,0,0.99,0,0,2.97,0,1.98,0,0,0,0.99,0.447885823992117
0,1,0,0,0,0,0,0,0,0.5,0,0,0,0,0,0,0,0,0,0,0.5,0,1.52,1.4607058586337
0,1,0,0,0.59,0,0,0,0,1.19,0,0,0,0,0,0.59,4.76,0,1.19,0,0,0.59,0,2.30258509299405
0,0,0,0,0,0,0,0.73,0,0,0,0,0,0,0,0,0,0,0,0,0,0,2.2,0.854840769557932
0,0,0,0,0,0,0,0,0,0,0,0,0,0,0,0,1.23,0,1.23,0,0,0,0,0
0,0,0.11,0.22,0.05,0.11,0,0.39,0.11,1.02,0.45,0.05,0.05,0,0,0.39,3.46,0,1.76,0,0.56,0.34,0,1.59837696507468
0,1,0,0,0,0.46,0,0,0,1.38,0,0,2.31,0,0.46,0.46,2.77,0,2.31,0,1.38,0,0,1.22377543162212
0,0,0.32,0,0,0,0,0,0,0.64,0,0,0,0.32,0,1.29,2.59,0,1.29,0,0,0,0,1.46718286485323
0,0,0.26,0.26,0.08,1.04,0.52,1.56,0.26,0.69,0.17,0.08,0.69,0.86,0.34,0,1.82,0.17,1.3,0,0.08,0.34,0,1.26807372973246
0,0,0,0.63,0,1.58,0.31,0.63,0,0.95,0,0,0,0,0,0,1.26,0,0.63,0,0.31,0,0,1.42815581521481
0,0,0,0,0,0.71,0,0,0,0.71,0,0,0,1.43,0,0,4.31,0,1.43,0,0,0.71,0,0.8424288832757
0,0,0.44,0,0.06,0,0.57,0.5,0.25,0.95,0.06,0,0.19,0,0.06,0,3.82,0.19,2.48,0,0,0.19,0,1.19088756477728
0,1,0.68,0,2.73,0,0,0.68,0,2.05,0,0,0,0,0,0.68,4.1,0,2.73,0,0,0.68,0,0.905027539595444
1,1,0.25,0.25,0,0,0,0.51,0,1.55,0,0,0,0.77,1.55,0,4.9,0,2.58,0,0.77,0.25,0,1.75336508124074
0,1,0,0,0,0,0,0,0,0,0,0,0,0,0,0,0.91,0,0,0,0,0,0,0.825928291793764
0,0,0,0.33,0,0,0,0,0,1.01,0.67,0,0,0,0.67,0,3.05,0,2.03,0,0,0,0,0.519983561550756
0,0,0,0.06,0,0,0.56,0,0,0.31,0,0,0,0.06,0,0.06,0.25,0,0.18,0,0,0,0.63,1.03992329231943
1,0,0,0,0,0,0,0,0,0,0,0,0,0,0,0,0,0,0,0,0,0,0,0.587786664902119
1,0,0,0,0,0,0,1.72,0,0,0,0,0,1.72,0,0.86,0.86,0,0,0,0,0,0,0.70408712059828
0,0,0,0,0,0,0,1.47,0,0,0,0,0,0,0,1.47,4.41,0,0,0,0,1.47,0,0.847154993039293
0,0,0.32,0,0.16,0,0,0.49,0.16,0,0.16,0,0.16,0.16,0,0.81,0.32,0.16,0.98,0,0,0,0,1.88494618395417
0,0,0,0,0,0,0,0.73,0,0,0,0,0,0,0,0,1.46,0,0.36,10.25,0,0,0,1.93325903150175
0,0,0.61,0,0,0,0,0,0,0,0,0,0,0,0,0,0.61,0,0,0,0,0,0,0.271552690521897
0,0,0.88,0,0,0,0,0,0,0.88,0,0,0,0,0,0,0.88,0,0,0,0,0,0,1.22876297313315
1,1,0,0,0,0,0,0,0,0.85,0,0,0,0,0,0,2.56,0,0,0,0,0,0,0.610851937833115
0,0,0,0,0,0,0,0,0,0,0,0,0,0,0,0,0,0,0,0,0,0,0,0.559615787935423
1,0,2.83,0,0,0,0,0,0,0,0,0,0,0,0,0.7,3.54,0,2.12,0,0,0,0,0.0797349680188535
0,0,0,0,0,0,0,0,0,0,0,0,0,0,0,0,0,0,0,0,0,0,0,0
0,0,0.36,0.09,0,0.18,0.09,0,0,0.72,0,0.36,0,0,0,0,2,0,3.36,0,0.36,0.09,0,1.32388690099127
1,1,0.41,0,0,0,0,0,0,0,0,0,0,0,0,0,0,0,0,0,0,0,0,0.420025259439494
1,0,0.58,0.34,0.11,0,0.34,0,0.23,0.92,0.46,0,0,0.46,0.23,0.34,0.58,0,0.58,0,0.11,0,0,0.946237808242107
0,0,0,0,0,0,0,1.44,0,0,0,0,0,0,0,1.44,0,0,0,0,0,0,2.89,0.524136637825663
0,0,0,0,1.94,0,0,0,0,0,0,0,0,2.91,3.88,0,1.94,0,1.94,0,0,1.94,0,1.83513819253
0,0,0,0,0,1.08,0,0,0,0,0,0,0,0,0,0,0,0,0,0,1.08,0,0,1.24588220740315
0,0,0.95,0.47,0,0,0,0,0,0.47,0,0,0,0,0,0,0.95,0,0,0,0,0,0,0.633397176154171
0,0,0,0,0,0,5.26,0,0,0,0,0,0,0,2.63,0,2.63,0,5.26,0,0,0,0,0.721734637411858
0,1,2.25,0,1.12,0,0,0,0,0.56,0.56,0,0,0.56,3.38,0,3.95,0,2.25,0,0,0,0,1.58412010444981
0,0,0,0,0,0,0,0.29,0,0,0,0,0,0,0,0,0.58,0,0.58,0,0,0,3.51,1.26751082512992
0,1,0.85,1.02,0.25,0.17,0.59,0.08,0.17,0.59,0.17,0,2.22,0.25,0.08,0.94,1.62,0.17,0.42,0,0.85,0.08,0,2.01450294052092
0,1,0.27,1.64,0,0.27,0.54,0.54,0,1.09,0.27,0,0,0,0,0.27,1.37,0,1.09,0,0.27,0,0,2.38665046811171
0,0,0,0,0,0,0,0,0,0,0,0,0,0,0,0,2.46,0,0,0,0,0,0,2.58399755243223
1,0,0,0,0,0,0,1.05,0,1.05,0,0,0,1.05,0,0,1.05,0,0,0,0,0,0,0.383900930192324
0,0,0,0,0,0,0,0,0,1.56,0,0,0,0,0,0,0,0,0,0,0,0,3.12,1.18936665193657
0,0,0.19,0.12,0,0.25,0.76,0.31,0.25,1.52,0.31,0.38,0,0.38,0.44,0.06,2.98,0.69,1.26,0,0.44,0.76,0,1.30887321415131
1,0,0.11,0.11,0,0,1.03,0,0,0.34,0,0,0,0,0,0,0.45,0,0.22,0,0,0,0.57,1.22583213867883
0,0,0,0,0,0,0,0,0,0,0,0,0,0,0,0.89,0.89,0,0,0,0,0,0,0.235862323721984
0,0,0,0,0,0,0,0,0,0.8,0,0,0,0,0,0,1.61,0,0,0,0,0,1.61,0.616805947303223
0,0,0,0.36,0,0.73,0,0.36,0.36,1.46,0,0,0,0.36,0,2.56,2.93,0,0.36,0,0,0.73,0,1.04872151905464
0,0,0,0,0,0.99,0,0,0,0.49,0,0,0,0,0,0,0,0,0,0,0,0,1.98,0.758466646680588
1,0,0,0,0,0,0,0,0,0,0,0,0,0,0,0,0,0,0,0,0,0,0,0
0,0,0.17,0,0,0,0,0,0,0.35,0.52,0.17,0,0.08,0.52,0,4.04,0,2.64,1.23,0,0,0,0.712459491592318
1,0,0.1,0.21,0,0.1,0,0,0,1.19,0,0,0,0,0,0,0.1,0,0,0,0,0,0.87,0.583890194622996
1,0,0,0,0,0,0,0,0,0,0,0,0,0,0,0,0,0,0,0,0,0,0,0.385262400790645
0,0,0.38,0.38,0,0,0,0,0,0.38,0,0,0,1.54,0,0,5.4,0,2.31,0,0,0.38,0,1.73448340140832
1,1,0,0,0,0,0,0,0,2.12,0,0,0,0,0,0,0,0,2.12,0,0,0,0,0.973426923244964
0,0,0.9,0,0,0,0,0,0,0,1.8,0,0,0.9,0,0,0.9,0,0,0,0,0,2.7,0.765467842139571
0,0,1.57,0.36,0.06,0.06,0.06,0.12,0.06,0.54,0.3,0.06,0,0,0.72,0.06,4.49,0.24,1.09,0,0.85,0.06,0,0.551583616238158
0,1,0.02,0.13,0.02,1.11,0.23,0.29,0.05,0.34,0.42,0.07,0.55,0.87,0.45,0.66,3.95,0.05,1.59,0,0.39,0.34,0,1.63080793817029
0,0,0,0,0,0,0,0.5,0,0,0,0,0,0,0,0,0,0,0,0,0,0,0,1.40315147818631
1,1,1.03,0,0.41,0.2,0,0.2,0,0.41,0.2,0,2.06,0.2,0,2.47,2.06,0,1.03,0,0,0,0,1.28978346073905
0,1,0.08,0.06,0,0.13,0.02,0.11,0,0.47,0,0.02,0.02,0.13,0.13,0.08,0.24,0,0.17,0,0,0,0,0.788911802544325
0,0,0,0,0,0,0,0,0,0,0,0,0,0,0,0,6.66,0,0,0,0,0,0,0.510425543744651
1,1,0,0,0,0,0,0,0,0,0,0,0,0,0,0,0,0,0,0,0,0,0,1.2038727993256
0,0,0.36,0.09,0,0.18,0.09,0,0,0.72,0,0.36,0,0,0,0,2,0,3.36,0,0.36,0.09,0,1.32388690099127
1,0,0,0,0,0,0,0.93,0,0,0,0,0,0,0,0,0,0,0,0,0,0,2.8,0.740507751919783
0,0,0,0,0.37,0,0,0,0,0.37,0,0,0,0.74,0.37,0.37,0.74,0.37,0.37,0,0,0,0,0.772882148578799
0,0,0,0,0,0,0,0,0,0,0,0,0,0,0,1.85,0,0,0,0,0,0,0,0.551583616238158
0,0,0,0,0,0.45,0,0,0,0,0,0,0,0.45,0,0,0.22,0,0.45,0,0,0,0,0.904218150639886
0,0,0.8,0.08,0,0.26,0,0,0,3.39,0.17,0,0,0.08,0,0,0,0,0,0,0,0,2.68,0.977573960291054
0,0,0.98,0.32,0.65,0,0,0.32,0,0.98,0.32,0,0,0,0.65,0,2.61,0,2.28,0,0.65,0,0,1.12004756938817
0,0,0.87,0,0.29,0,0.87,0,0,1.45,0,0,0,0,0,0.29,5.24,0,1.45,0,0,0.29,0,1.63802536928601
0,0,0,0,0,0,0,0,0,0,0,0,0,0,0,0,0,0,0,0,0,0,0,0.435023910349709
1,1,1.85,0,0,0,0,0,0,0,0,0,0,1.85,0,0,0,0,0,0,0,0,0,1.07021281414641
0,1,1.15,0,0.23,0.23,0,0.46,0,0.69,0.23,0,0,0,0.69,0.69,2.76,0,1.84,0,0,0.23,0,0.621651178854875
1,0,0,0,0,0,0,0,0,0,0,0,0,0,0,0,0,0,0,0,0,0,0,0
0,1,0,0.23,0,0,0,0,0,0.92,0.46,0,0,0,0,0,2.76,0,2.76,0,0,0.69,0,0.66526197707041
0,0,0,0,0,0,0,0,0,0,0,0,0,0,0,0,0,0,0,0,0,0,0,1.13943428318836
0,0,0.8,0,0.8,0,0,0.8,0,0,0,0,0,0.8,0.8,0.8,1.6,0,1.6,0,0,0,0,1.13622915223942
0,0,0,0.4,0,0,0.4,0.4,0,0,0,0,0.4,0,0,0,1.22,1.22,0.4,0,0,0,0,0.609765571620894
0,0,1.21,0,0,0,0,0,0,0,0,0,0,2.43,0,0,3.65,0,1.21,0,0,0,0,0
1,0,0,0,0,0,0,0,0,4.16,0,0,0,0,0,0,0,0,0,0,0,0,0,0
0,0,0,0,0,0,0.6,0,0,0,0,0,0,0,0,0,0.6,0,1.21,0,0,0,3.63,1.51204556642545
1,0,0,0,0,1.12,0,0,0,0,0,0,0,0,0,0,0,0,0,0,1.12,0,0,1.41098697371026
1,0,0,0,0,0,0,0,0,0,0,0,0,0,0,0,0,0,0,0,0,0,0,1.33815398579196
0,0,0,0,0,0,0,0,0,0,0,0,0,0,0,0,0.8,0,0,0,0,0.8,0,0.297879897428227
0,0,0.52,0,0,0.52,0,0.17,0.17,0.34,0,0,0,0.87,0,0,1.39,0.17,0.87,0,0,0.17,0,1.08957154401596
0,0,0,0,0,0,0,0,0,1.06,0,0,0,0,0,0,1.06,0,0,0,0,0,3.19,0.559615787935423
0,0,0,0,0,0,0,0,0,0,0,0,0,0,0,0,1.81,0,0,0,0,0,3.63,0.800655388275231
0,0,2,0,1,0,0,0,0,0,0,0,0,0,2,3,2,0,4,0,1,1,0,0.931376369292196
1,0,0,0,0,0,0,0,0,0,0,0,0,0,0,0,0,0,0,0,0,0,0,0.647626665258136
0,0,0,0,0,0,0,0,0,0,0,0,0,0,0,0,5.55,0,0,0,0,0,0,0
0,0,0,0,0,0,0,0,0,0,0,0,0,0,0,0,1.69,0,1.69,0,0,0,0,1.19845762363783
0,0,0.39,0,0,0,0,0.39,0,1.19,0,0.39,0,0,0,0,1.19,0,0,0,0,0,2.77,0.805582609889734
1,1,1.02,0,0,0.51,0,0,0,0,0,0,0,0.51,0.51,0,0.51,0,0,0,0,0,0,0.730442965303642
0,0,0,0,0,0,0,1.38,0,0,0,0,0,0,0,0,9.72,0,1.38,0,0,0,0,0.718814927308523
0,0,0,0,0,0,0,0,0,1.31,0,0,0,0,0,0,1.31,0,5.26,0,0,1.31,0,1.57235890419268
1,0,0.34,0,0,0,0.57,0.05,0,0.28,0.11,0,0,0.17,0,0,1.09,0.05,0.92,0,0,0.05,0,1.5904589458363
0,0,0,0,0,0,0.62,0,0,0.2,0,0,0,0,0,0,0,0,0,0,0,0,3.34,1.22788462437225
1,0,0.45,0,0.15,0,0.61,0.61,0,0.76,0.3,0,0.3,0.61,0.61,0,1.83,0.45,2.75,0,0,0.3,0,1.62943659894079
0,0,0,0,0,0,0,0,0,0,0,0,0,0,0,0,0,0,0,0,0,0,0,0.200488860749404
0,0,0,0,0,0,0,0,0,0,0,0,0,0,0,1.57,0,0,0,0,0.78,0,0,2.09936671048711
1,1,0,0,0,0,0,0,0,0.19,0,0,0,0,0,0,0,0,0,0,0,0,0.19,0.796154930634174
1,0,3.22,0,0,0,0,0,0,3.22,0,0,0,0,0,0,0,0,0,0,0,0,0,0.8754687373539
1,1,0,0,0,0,0,0,0,0,0,0,0,0,0,0,0,0,0,0,0,0,0,0
0,1,0,0,0,0,0,0,0,1.72,0,0,0,0,0,0,0,0,0,0,0,0,3.44,0.929404371019538
0,1,0,0,0,0,0,0,0,2.38,0,0,0,0,0,0,2.38,0,2.38,0,0,0,2.38,1.09861228866811
0,0,0.33,0.16,0.33,0.84,0.16,0.5,0.33,1.51,0,0,0,0,1.68,0.33,2.02,1.68,3.87,0,0,0.33,0,1.59493322623122
1,0,0,0,0,0,0,1.81,0,0,0,0,1.81,1.81,0,0,1.81,0,0,0,5.45,0,0,1.07976920086663
1,0,0,0,0,0,0,0,0,0,0,0,0,0,0,0,0,0,0,0,0,0,0,0
1,0,1.04,0.1,0,0,0,0,0,0.1,0,0,0,0,0,0,0.2,0,0,0,0,0,0.41,0.802898044519065
0,0,0.62,0,0.31,0,1.09,0,0,0,0.46,0,0,0.15,0.15,1.4,2.19,0,1.09,0,0.62,0,0,1.18723348032164
0,0,0,0.44,0,0,0,0,0,0,0,0,0,0.44,0,0.44,0.44,0,0.44,0,0,0,0,2.13747457293045
0,0,0.42,0.42,0,0,0,0,0,0,0,0,0,0.42,0,0.42,4.2,0,0,0,0.42,0,0,0.925052237542728
0,0,0,0,1.04,0,0,0,0,1.04,0,0,0,0,1.04,0,3.66,0,2.09,0,0,0,0,1.36148924220092
0,0,0,0,0,0,0,3.33,0,0,0,0,0,0,0,0,3.33,0,3.33,0,0,0,0,0
1,0,0,0.06,0,0,0.56,0,0,0.31,0,0,0,0.06,0,0.06,0.25,0,0.18,0,0,0,0.63,1.03992329231943
1,0,0,0.63,0,1.58,0.31,0.63,0,0.95,0,0,0,0,0,0,1.26,0,0.63,0,0.31,0,0,1.42815581521481
0,0,0.13,0.13,0,0.83,0.41,0.13,0,0.55,0.27,0.13,0.41,0.13,0.13,0.27,4.31,0.13,2.08,0,0.13,0.27,0,0.845438990902204
1,0,0,0,0,0,0,0,0,0,0,0,0,0,0,0,0.77,0,2.32,0,0,0,0,0.144965770250186
0,0,2.03,0,0,0.4,0,1.21,0,0.81,0,0,0,0.4,0,0,3.65,0,1.62,0,1.62,0.4,0,1.16064767958756
0,0,0.23,0,0,0,0,0,0,0.93,0,0,0,0.11,0,0.11,0.35,0,0.23,0,0,0,0,0.904218150639886
0,0,0,0.32,0,0.04,0.29,0.42,0.39,1.37,0.87,1.69,0,0.32,0.54,0.22,3.47,0.29,1.32,0,0.34,0.84,0,1.30752167995449
0,0,0,0,0,0,0,0,0,0.3,0,0,0,0,0,0,0,0,0,0,0,0,1.81,1.36685666722742
0,1,0.31,1.14,0.2,0.62,1.04,0.52,0.2,0.62,0,0,1.66,0,0.2,1.45,2.08,0.2,1.25,0,1.14,0.2,0,2.0067364312092
1,0,0,0,0,0,0,0,0,1.78,0,0,0,0,0,0,3.57,0,1.78,0,0,0,0,0.802001585472027
0,0,0,0,0,0,0,1.02,0,0,1.02,0,0,0,0,0,4.08,0,0,0,0,0,0,0.287432041196572
0,0,0,0,0,0,0,0,0.12,0.38,0,0,0,0,0.12,0,1.78,0,0.51,0,0,0,0,1.12492959698548
1,0,0,0.09,0,0.27,0,0,0.18,1.49,0.09,0.09,0,0,0.46,0,0,1.49,0,0,0.09,0,2.42,0.768254653046751
0,0,0.11,0.11,0,0,0,0.23,0.23,0.93,0.93,0,0,0.58,0.23,0.11,4.19,0,1.51,0,0.58,0.46,0,2.10315806829715
1,0,0,0,0,0,0,0,0,0,0,0,0,0,0,0,0,0,0,0,0,0,0,0
0,0,0,0.73,0.73,1.09,0.36,0.36,0,0.36,0,0,0,1.09,0.36,0.36,2.19,2.19,2.19,0,1.83,0,0,1.17988500879685
0,0,0.22,0,0,0,0,0,0,1.36,0,0,0,0,0,1.59,0.91,0,0,0,0,0,0,0.714419315835485
1,0,0,0,0,0,0,0,0,0,0,0,0,0,0,0,0,0,0,0,0,0,0,0
0,0,0.22,0,0,0,1.32,1.54,0,0.88,0.66,0,1.1,0.66,0,1.54,2.87,0,1.54,0,0,0.22,0,2.2082744135228
0,0,0,0,0,0,0,0,0,0.9,0,0,0,0,0,0.9,0.9,0,0,0,0,0,0.9,0.353469812989784
0,0,0,0,0,0,0,0,0,0,0,0,0,0,0,0,0,0,0,0,0,0,0,0
0,0,0,0,0,0,0.34,1.7,0,0,0,0,0,0,0,0,1.7,0,0.34,0,0,0,1.36,0.528272537369711
1,0,0,0,0,0,0,0.29,0,0.29,0,0,0,0,0.14,0,0,0,0.29,0,0,0,0.44,0.831603923706961
0,0,0,0,0,0,0,0,0,0,0,0,0,0,0,0,0,0,0,0,0,0,0,0.405465108108164
0,1,0.8,0.8,0.5,0,0.8,0.1,0.3,0.7,0.3,0,1.61,0.1,0,1.11,1.31,0.2,0.7,0,0.6,0.1,0,2.14593128294867
1,0,0,0,0,0,0,0,0,0,0,0,0,0,0,0,2.04,0,0,0,0,0,0,0.538829820175588
0,1,0,0,0,0,0,0,0,0.55,0.55,0,0,0,0,0,1.65,0,0.55,0,0,0,1.1,0.505008738444426
1,0,0,0,0,0,0,0,0,0,0,0,0,0,0,1.04,1.04,0,0,0,0,0,1.04,0.711478137244669
1,1,0.77,0,0,0,0,0,0,0,0,0,0,0,0,0,1.55,0,0.77,0,0,0.77,0,1.15057202759882
0,1,0,0,0,0,0,0.72,0,0,0,0,0,0,0,0,0,0,0,0,0,0,0,1.36200166855085
0,0,0.3,0,0.15,0,0,0.45,0.15,0,0.15,0,0.15,0.15,0,0.75,0.15,0.15,0.6,0,0,0,0,1.78137237634157
1,0,0,0,0,0,0,0,0,0,0,0.73,0,0,0,0,0,0,0,0,0,0,0,0.623797102425152
0,0,0.11,0.11,0,0,1.03,0,0,0.34,0,0,0,0,0,0,0.45,0,0.22,0,0,0,0.57,1.22583213867883
0,1,0.59,0,0,0.59,0,0,0,1.19,0,0,2.38,0,0.59,0.59,2.97,0,2.97,0,1.78,0,0,1.23197700073553
0,0,0,0,0,0,0,0,0,0,0,0,0,0,0,0,4.76,0,0,0,0,0,0,0.451712359273484
0,0,0,0,0,0,0,0,0,1.28,0,0,0,0,0,0,1.28,0,0,0,0,0,0,0.498955451195503
0,0,0,0,0,0,0,0,0,0,1.36,0,0,0,0,0,3.63,0,0.9,0,0,0.45,0,0.435023910349709
0,0,0,0,0,0,0,0.27,0,0,0,0,0,0,0,0,1.94,0,0,8.33,0,0,0,1.75820268569921
0,1,0,0,0.94,0,0,0,0,0.47,0,0,0,0,0.47,0,0.94,0,0.47,0,0,0,0,0.392042087776024
0,1,1.07,0.19,0.19,0.97,0.87,0.58,0.09,1.07,0.19,0.87,0.09,0,0,1.17,3.81,0.68,1.75,0,0.09,0.29,0,1.46325540225602
0,0,0,0,0,0,0,0,0,0,0,0,0,0,0,0,7.69,0,0,0,0,0,0,0.250758718347183
1,0,0.32,0.16,0,0.49,0.65,0.49,0.16,1.3,0,0,0.16,1.14,1.3,0.16,3.6,0.49,1.8,0,0,0.49,0,1.7635314477715
1,0,0,0,0,0,0,0,0,0,0,0,0,0,0,0,0,0,0,0,0,0,0,0
0,0,0,0,0,0,0,0,0,0,0,0,0,0,0,0,0,0,0,0,0,0,0,0
0,0,0,0,0,0,0,0,0,0.85,0,0,0,0.85,0,0.85,4.7,0,0.85,5.55,0,0,0,1.96990565461153
1,0,0,0,0,0,0,0,0,0,0,0,0,0,0,0,0,0,0,0,0,0,3.96,0.988797422660903
0,0,0,0,0,0,0,0,0,0,0,0,0,0,0,0,4.87,0,0.81,0,0,0,0,0.287432041196572
0,1,0.66,0,0,0,0,0,0,0.66,0,0,0,0,0.66,0,5.29,2.64,5.29,0,0,1.32,0,1.16782735768958
0,1,0.53,0,0,0.53,0,0,0,1.06,0,0,2.12,0,0.53,0.53,2.65,0,2.65,0,1.59,0,0,1.61700917793042
0,0,0,0,0,0,0.48,0,0.48,0,0,0,0,0.48,0.48,0,1.44,0,2.88,0,0.96,0,0,0.633397176154171
0,0,0,0,0,0,0,0,0,0,0,0,0,0,0,0,0,0,0,0,0,0,0,0.38117241553912
1,0,1.45,0,0,0,0,0,0,0.97,0,0,0,0,0.97,0,2.42,0,2.42,0,0.48,0,0,1.64345279102138
0,0,0,0,0,0,0,0.42,0,0.42,0,0,0,0,0,0,3.4,0,0.42,0,0,0.42,1.27,0.938052223655668
0,0,1.07,0,0,0,0,0,0,0,0,0,0,0,0,0,1.07,0,1.07,0,0,0,0,0.847154993039293
0,0,0,0,0,0,0.55,0,0,0,0.55,0,0,0.55,0,0.55,0,0,0.55,0,0,0,0,1.07431959609907
0,1,0.14,0.17,0.05,0.14,0.46,0.52,0.31,0.89,0.4,1.16,0.05,0.11,0.23,0.11,2.9,0,1.1,0,0.63,0.52,0,1.81986089933893
1,1,0.31,0,0,0,0,0,0,0.62,0,0,0,0.31,0,1.24,2.49,0,1.24,0,0,0,0,1.52431565901727
0,0,0,0,0,0,0,0.13,0,0.13,0,0,0,0.26,0,0.13,2.65,0,0.39,0,0,0,0,1.13847382209324
0,0,0,0,0,0,0,0,0,0,0,0,0,0,0,0,1.4,0,0.56,0,0,0,3.37,0.901786045671273
0,0,0.16,0.24,0,0.16,0,0.49,0.08,0.57,0.9,0,0.16,0,0,0.32,2.37,0,1.23,0,0.49,1.14,0,1.41658105372476
0,0,0.22,0.22,0.11,0,0.11,0.22,0,0.33,0.33,0,0,0,0.22,0,0,0,0,0,0.55,0,0,0.683096844706444
1,0,0.31,0,0.15,0,0.63,0.15,0.15,0,0,0,0,1.11,0,1.27,0.79,0,0,0,0,0,0.95,1.69064916785892
0,0,0.76,0,0,0,0,0.76,0,0,0,0,0,0,0,0,0,0,0.76,0,0,0,0.76,0.670901571612626
0,0,0.68,0,0,0,0,0.68,0,0,0,0,0.68,0,0,0,0.68,0,0,0,0,0,2.72,0.822858787081603
0,0,0,0,0,0,0,0,0,0,0,0,0,0,0,0,8.33,0,0,0,0,0,0,0
1,0,0,0,0,0,0,0,0,0,0,0,0,0,0,0,0,0,0,0,0,0,0,0.287432041196572
0,0,0,0,0,0,1.63,0,0,0,0,0,0,1.63,0,0,3.27,0,3.27,0,0,0,0,0.693147180559945
0,0,0,0.48,0.24,0,0,0.48,0.24,0.72,1.2,0,0,1.68,0.72,0,1.92,0,1.68,0,0.24,0,0,1.46626014275777
1,0,0,0,0,0,0,0,0,0,0,0,0,0,0,0,0,0,0,0,0,0,0,0
1,0,0.61,0,0.3,0,0.92,0.76,0.76,0.92,0,0,0,0,0,0.15,1.23,3.53,2,0,0,0.15,0,2.27665171096754
1,0,0,0,0,0,0,0,0,0,0,0,0,0,0,0,0,0,0,0,0,0,0,0
0,0,0.04,0.11,0.04,0.21,0.4,0.69,0.23,0.88,0.52,1.14,0,0.23,0.4,0,2.93,0,1.36,0,0.97,0.31,0,1.67297593323809
0,0,0,0,0,0,0,0,0,0,0,0,0,0,0,0,7.4,0,0,0,0,0,0,0
0,0,0,0,0,0.09,0,0,0.09,1.49,0.27,0.09,0,0,0.37,0,0,0.09,0,0,0,0,2.51,0.822858787081603
0,0,0.57,0.28,0.57,0,0,0.28,0,0.57,0,0,0,1.72,0,0.86,4.32,0,2.01,0,0,0.28,0,1.88464246337477
1,1,0,0,0,0,0,0,0,0,0,0,0,0,0,0,0,0,0,0,0,0,0,0
1,0,0,0,0,0,0,0,0,0,0,0,0,0,0,0,0,0,0,0,0,0,0,0
0,1,0,0,0,0,0,0.46,0,1.84,0,0,0,0,0,0.46,1.38,0,0.46,0,0,0,1.84,1.42383096464862
1,0,0,0,0,0,0,0.79,0,0.79,0,0,0,0,0,0.79,1.58,0,2.38,0,0,0,0,0.474991170756775
1,0,1.06,0,0,0,0,0,0,1.06,0,0,0,0,0,0,1.06,0,1.06,0,0,0,1.06,0.336472236621213
0,1,1.85,0,0,0,0,0,0,0,0,0,0,0,0,0,1.85,0,0,0,0,0,0,0.587786664902119
0,0,0,0,0,0,0,0,0,0,0,0,0,0.92,0.46,0.92,1.85,0.46,1.85,0.46,0.46,0,0,0.492254238180555
0,0,0,0,0,0,0,0,0,0,1.33,0,0,0,2.66,5.33,2.66,0,2.66,0,0,0,0,0.600483495696526
0,0,0.17,0,0,0.35,0,0,0,0.88,0,0,0,0,1.95,0,0.17,0,0,0,0,0,0.35,0.719302138036796
0,0,0.58,0,0,0,0,2.35,0,0,0,0,0,0,0,0,0.58,0,0,0,0,0,1.76,0.809150856316251
0,0,0.31,0,0,0,0,1.27,0,0,0,0,0,0,0,0,0.31,0,0,0,0,0,2.87,0.802001585472027
0,0,0,0,0,0,0,0,0,0,0,0,0,0,0,0,0,0,0,0,0,0,0,0.0732504617395927
0,0,0.32,0,0,0,0,0,0,0.64,0,0,0,0,0,0,0.32,0,0,0,0,0,0.64,0.517006482841072
0,0,0.47,0,1.41,0,0,0,0.47,0.47,0,0,0,0.47,0,1.88,1.41,0.47,1.41,0,0,0,0,1.32042161696918
0,1,0.33,0,0,0,0,0,0,0.33,0,0,0,0,0,0,1.01,0,0.67,0,0,0,1.35,0.726581956646183
1,0,0,0,0,0,0,0,0,0,0,0,0,0,0,0,0,0,0,0,0,0,0,0
1,0,0,0,0,0,0,1.85,0,0,0,0,0,0,0,0,3.7,0,0,0,0,0,0,0.385262400790645
0,0,0.37,0,0,0.12,0,0.37,0.25,0.37,0.12,0,0,0,0.12,0,0.37,0,0.12,0,0.12,0,2.51,0.88128512267534
0,0,0.09,0.28,0.09,0.09,0.38,0.19,0,0.57,0.57,0,0,0.19,0,0,2.01,0,1.43,0,0,0.19,0,0.877549903557724
0,0,0.61,0,0.3,0,0.92,0.76,0.76,0.92,0,0,0,0,0,0.15,1.23,3.53,2,0,0,0.15,0,2.27665171096754
1,1,0,0,0,0,0,0,0,0,0,0,0,0,0,0,0,0,0,0,0,0,0,0
0,0,0,1.88,0,0,0,0,0,0,0,0,0,0,0,0,3.77,0,1.88,0,0,0,0,0.835947979191617
0,0,0,0,0,0,0,0,0,0,0,0,0,0,0,0,0,0,0,0,0,0,0,1.70474809223843
0,0,0,0,0,0,0,0,0,3.33,0,0,0,0,0,0,3.33,0,0,0,0,0,0,0.132781111233818
0,0,0,0,0,0,0,0,0,0,0,2.04,0,0,0,0,0,0,0,0,0,0,0,1.34988967922609
0,0,0.51,0,0.17,0.17,0,0,0,0.34,0.69,0.69,0.69,0,0,0,2.59,0.51,1.55,0,0,0.17,0,0.693147180559945
0,0,0,0,0,0,0,0,0,1.88,0,0,0,0,0,0,1.88,0,1.88,0,0,0,0,0
1,0,0.08,0,0,0,0,0.08,0,0,0.08,0,0,0,0.08,0,0.08,0,0.08,0,0,0,0.16,1.58062683057998
0,0,0,0,0,0,0,0,0,0,0,0,0,0,0,0,0,0,0,0,0,0,0,0.287432041196572
1,0,0,0,0,0,0,0,0,0,0,0,0,0,0,0,0,0,0,0,0,0,3.41,0.936877365482543
1,0,0,0,0,0,0,0,0,0,0,0,0,0,0,0,0,0,0,0,0,0,0,1.84577405753429
0,0,0.27,0.2,0,0.27,0.27,0.97,0.41,1.04,0.13,0,0,1.11,0.69,0.06,2.37,0,1.04,0,0.06,0.69,0,1.22406950602506
