"ATE","EY1","EY0"
-3,-11.5200433137494,-8.52004331374943
-3,-16.210365589216,-13.210365589216
-3,-1.10177552902332,1.89822447097668
-3,-0.577800750418022,2.42219924958198
-3,-0.708509931291285,2.29149006870871
-3,-17.5165825642663,-14.5165825642663
-3,-1.44660106663554,1.55339893336446
-3,-18.4300067484035,-15.4300067484035
-3,-21.0783889853524,-18.0783889853524
-3,-23.9792291127797,-20.9792291127797
-3,-17.7628966052963,-14.7628966052963
-3,-17.8295312768699,-14.8295312768699
-3,-18.2857106380412,-15.2857106380412
-3,-15.8967823012141,-12.8967823012141
-3,-15.1340931206745,-12.1340931206745
-3,-1.37052208278164,1.62947791721836
-3,-18.4252076953739,-15.4252076953739
-3,-19.5735496455092,-16.5735496455092
-3,-12.7539562970147,-9.75395629701474
-3,-20.7735736318838,-17.7735736318838
-3,-19.3105449959311,-16.3105449959311
-3,-17.2819350843091,-14.2819350843091
-3,-6.5106865659443,-3.5106865659443
-3,-20.0590855804874,-17.0590855804874
-3,-14.3063115960861,-11.3063115960861
-3,-15.4261846803279,-12.4261846803279
-3,-1.83559711574715,1.16440288425285
-3,-0.62953015097315,2.37046984902685
-3,-17.9252135129082,-14.9252135129082
-3,-15.9596848240789,-12.9596848240789
-3,-11.9097747779811,-8.90977477798107
-3,1.38761266884834,4.38761266884834
-3,-17.25656104451,-14.25656104451
-3,-11.0073669122894,-8.00736691228944
-3,-11.6063262307338,-8.60632623073381
-3,-20.0978991007675,-17.0978991007675
-3,-15.1176885961904,-12.1176885961904
-3,-18.9030772106896,-15.9030772106896
-3,-12.2155884556412,-9.21558845564117
-3,-18.144987871015,-15.144987871015
-3,-17.7669907213924,-14.7669907213924
-3,-14.6283500690054,-11.6283500690054
-3,0.329586946789821,3.32958694678982
-3,-12.4008364385933,-9.40083643859329
-3,-16.6415685397676,-13.6415685397676
-3,-24.291060502181,-21.291060502181
-3,-2.23139736716244,0.768602632837563
-3,-16.2795450800227,-13.2795450800227
-3,-7.90894843545893,-4.90894843545893
-3,-15.0167724238531,-12.0167724238531
-3,-17.6957902951029,-14.6957902951029
-3,-15.8623135953038,-12.8623135953038
-3,-20.7327093280121,-17.7327093280121
-3,-15.7610728839119,-12.7610728839119
-3,-15.7410588378456,-12.7410588378456
-3,-18.4022330864993,-15.4022330864993
-3,13.3098567306034,16.3098567306034
-3,-16.1494720062144,-13.1494720062144
-3,-2.06758843648817,0.932411563511827
-3,-16.7250803230717,-13.7250803230717
-3,-15.9425023701757,-12.9425023701757
-3,-11.620249877003,-8.62024987700298
-3,-2.29834295547875,0.701657044521254
-3,-17.3252695645726,-14.3252695645726
-3,-22.9612996778491,-19.9612996778491
-3,-18.7087230430879,-15.7087230430879
-3,-19.5329255646904,-16.5329255646904
-3,-19.2494152550806,-16.2494152550806
-3,-20.2235511565126,-17.2235511565126
-3,-18.1856701808584,-15.1856701808584
-3,-18.3185276721235,-15.3185276721235
-3,-17.8086592037702,-14.8086592037702
-3,-18.1243951512692,-15.1243951512692
-3,-17.8736510799834,-14.8736510799834
-3,-13.0893780089134,-10.0893780089134
-3,-15.9434202327104,-12.9434202327104
-3,-11.8389814751256,-8.8389814751256
-3,-3.70929105816436,-0.709291058164357
-3,-8.62937134482598,-5.62937134482598
-3,-18.2091531137596,-15.2091531137596
-3,-3.98687058994893,-0.986870589948935
-3,-21.3176461384993,-18.3176461384993
-3,-18.9341569454289,-15.9341569454289
-3,-14.0322349146902,-11.0322349146902
-3,-2.89086101804707,0.109138981952929
-3,-15.5061529106691,-12.5061529106691
-3,-22.3116244943494,-19.3116244943494
-3,-2.06429057608609,0.93570942391391
-3,9.92032727674776,12.9203272767478
-3,-17.5073194945164,-14.5073194945164
-3,-19.3275427504196,-16.3275427504196
-3,-12.5606359500463,-9.56063595004629
-3,-16.9432135345634,-13.9432135345634
-3,-20.0343582881462,-17.0343582881462
-3,-8.25965321264052,-5.25965321264052
-3,-19.0568111786582,-16.0568111786582
-3,-18.2805103655613,-15.2805103655613
-3,-16.6555028236797,-13.6555028236797
-3,-16.5119351514685,-13.5119351514685
-3,-6.9540010136995,-3.9540010136995
-3,-18.89397102604,-15.89397102604
-3,-14.6810898507153,-11.6810898507153
-3,-22.4742085466152,-19.4742085466152
-3,-0.37464078592419,2.62535921407581
-3,-14.6421748539031,-11.6421748539031
-3,-11.595043390443,-8.59504339044296
-3,-12.4310368135216,-9.43103681352158
-3,-18.1158405668643,-15.1158405668643
-3,-21.3293175807402,-18.3293175807402
-3,-17.1757513479231,-14.1757513479231
-3,-16.4981325111559,-13.4981325111559
-3,-15.935659323151,-12.935659323151
-3,-8.67498795130315,-5.67498795130315
-3,-20.6148295293437,-17.6148295293437
-3,-3.17743171097136,-0.177431710971357
-3,-2.41904482409669,0.580955175903307
-3,-10.4458940931399,-7.44589409313985
-3,-1.81595620562217,1.18404379437783
-3,-13.6599401771276,-10.6599401771276
-3,-15.1340931206745,-12.1340931206745
-3,-21.4102520317502,-18.4102520317502
-3,-18.1271971645805,-15.1271971645805
-3,-3.90015224476518,-0.900152244765179
-3,-19.9279021718937,-16.9279021718937
-3,-5.28923610271824,-2.28923610271824
-3,-17.3547166405822,-14.3547166405822
-3,-2.76070667379281,0.239293326207191
-3,-20.0984434845788,-17.0984434845788
-3,-23.7866355294292,-20.7866355294292
-3,-2.68528216704757,0.314717832952427
-3,-14.5159303528552,-11.5159303528552
-3,-10.8066982303364,-7.80669823033639
-3,-17.0967179314392,-14.0967179314392
-3,-16.6102468810421,-13.6102468810421
-3,-13.9330054067052,-10.9330054067052
-3,-19.3228963292597,-16.3228963292597
-3,-21.1179314124732,-18.1179314124732
-3,-1.79077686409101,1.20922313590899
-3,-15.5651633572467,-12.5651633572467
-3,-15.6268539765973,-12.6268539765973
-3,-10.0051540317714,-7.00515403177144
-3,-20.1416086893267,-17.1416086893267
-3,-1.93859738162883,1.06140261837117
-3,-10.7939582352413,-7.7939582352413
-3,-19.2135169046867,-16.2135169046867
-3,-16.6797152859308,-13.6797152859308
-3,-19.7298729676386,-16.7298729676386
-3,-17.7634829793869,-14.7634829793869
-3,-8.13378091814991,-5.13378091814991
-3,-20.8433550312304,-17.8433550312304
-3,-12.7468749098706,-9.74687490987063
-3,-2.54587277755702,0.454127222442982
-3,-18.2028007923592,-15.2028007923592
-3,-20.5517222359376,-17.5517222359376
-3,-18.2399597124218,-15.2399597124218
-3,-20.3831500016418,-17.3831500016418
-3,-13.9330054067052,-10.9330054067052
-3,-16.7415948750723,-13.7415948750723
-3,-14.5424638995566,-11.5424638995566
-3,-1.81606021348249,1.18393978651751
-3,-11.9688613831346,-8.96886138313464
-3,-11.7162532839025,-8.71625328390248
-3,-14.456926870951,-11.456926870951
-3,-16.5563468921202,-13.5563468921202
-3,-15.8934045840254,-12.8934045840254
-3,-18.7260375787503,-15.7260375787503
-3,-17.654745121752,-14.654745121752
-3,-17.0745036074428,-14.0745036074428
-3,-12.9041300259612,-9.90413002596124
-3,-17.5236201650548,-14.5236201650548
-3,-14.2743450163304,-11.2743450163304
-3,-16.9844226029334,-13.9844226029334
-3,0.989225521077779,3.98922552107778
-3,-8.22232998758456,-5.22232998758456
-3,-15.5239302848674,-12.5239302848674
-3,-14.2883530864866,-11.2883530864866
-3,9.92032727674776,12.9203272767478
-3,-3.13591609262712,-0.135916092627122
-3,-19.6943163040363,-16.6943163040363
-3,-19.7338506916685,-16.7338506916685
-3,-19.2933663563377,-16.2933663563377
-3,-12.7238551170525,-9.72385511705253
-3,-17.5670375336377,-14.5670375336377
-3,-15.6135072403034,-12.6135072403034
-3,-7.76315895314538,-4.76315895314538
-3,-17.4282698304543,-14.4282698304543
-3,-15.1887909847944,-12.1887909847944
-3,-18.5453387384113,-15.5453387384113
-3,-16.6937277134044,-13.6937277134044
-3,-19.1551480732312,-16.1551480732312
-3,-20.9764843368272,-17.9764843368272
-3,-16.7764225057427,-13.7764225057427
-3,-12.2749108420295,-9.27491084202948
-3,-1.79077686409101,1.20922313590899
-3,-2.99660503280238,0.003394967197619
-3,-21.1439219311577,-18.1439219311577
-3,-9.1244754644633,-6.1244754644633
-3,-17.3324399096573,-14.3324399096573
-3,-4.82981537528245,-1.82981537528245
-3,-13.1173708757749,-10.1173708757749
-3,-16.9210229949507,-13.9210229949507
-3,-20.9566135129815,-17.9566135129815
-3,-14.7937111412824,-11.7937111412824
-3,-17.5777661557166,-14.5777661557166
-3,-22.257738051253,-19.257738051253
-3,-17.5547584460845,-14.5547584460845
-3,-11.2162685979389,-8.21626859793887
-3,-3.50266248205658,-0.502662482056582
-3,-19.7139117810559,-16.7139117810559
-3,-15.8799631973482,-12.8799631973482
-3,-15.4787534119174,-12.4787534119174
-3,-13.6985712069385,-10.6985712069385
-3,-12.9041300259612,-9.90413002596124
-3,-21.0694149220166,-18.0694149220166
-3,-19.9040398660062,-16.9040398660062
-3,-20.1044180411619,-17.1044180411619
-3,-12.9478664999816,-9.94786649998164
-3,-19.3061877308643,-16.3061877308643
-3,-20.9483888779517,-17.9483888779517
-3,-6.5106865659443,-3.5106865659443
-3,-16.3916672163664,-13.3916672163664
-3,-21.5167461194445,-18.5167461194445
-3,-20.0191642569082,-17.0191642569082
-3,-16.210365589216,-13.210365589216
-3,-19.9279183323027,-16.9279183323027
-3,-15.2212030527731,-12.2212030527731
-3,-18.5185990561855,-15.5185990561855
-3,-16.0003069418292,-13.0003069418292
-3,-20.7125533375115,-17.7125533375115
-3,-6.9540010136995,-3.9540010136995
-3,-16.864368407153,-13.864368407153
-3,-14.0448394834677,-11.0448394834677
-3,-3.45903352230583,-0.45903352230583
-3,-20.1756551698412,-17.1756551698412
-3,-12.8691113277408,-9.86911132774084
-3,-2.99462333041949,0.0053766695805133
-3,-1.12615219773104,1.87384780226896
-3,-16.495496690356,-13.495496690356
-3,-16.6053051665582,-13.6053051665582
-3,-17.7634829793869,-14.7634829793869
-3,-21.6635238185398,-18.6635238185398
-3,-15.5679143133349,-12.5679143133349
-3,-18.6638435130622,-15.6638435130622
-3,-14.3596468306104,-11.3596468306104
-3,-23.4796714679765,-20.4796714679765
-3,-15.7904992400174,-12.7904992400174
-3,-3.8914967033539,-0.891496703353902
-3,-19.0410341157891,-16.0410341157891
-3,-21.5918085369686,-18.5918085369686
-3,-17.7915893129769,-14.7915893129769
-3,-9.20341359737991,-6.20341359737991
-3,-18.9973097582255,-15.9973097582255
-3,-15.3766483614761,-12.3766483614761
-3,-20.0150404420997,-17.0150404420997
-3,-3.98778676912331,-0.987786769123312
-3,-12.2749108420295,-9.27491084202948
-3,-17.4398595570282,-14.4398595570282
-3,-23.0033832169221,-20.0033832169221
-3,-19.3663471272616,-16.3663471272616
-3,-10.937167628724,-7.93716762872405
-3,-18.7336596816683,-15.7336596816683
-3,-17.8399931047041,-14.8399931047041
-3,-18.7176281077238,-15.7176281077238
-3,-14.2002019597449,-11.2002019597449
-3,-22.4476392680658,-19.4476392680658
-3,-20.6515651369853,-17.6515651369853
-3,6.34406060766961,9.34406060766961
-3,-2.56350714742642,0.436492852573576
-3,-19.1051929450332,-16.1051929450332
-3,-12.6594448981076,-9.65944489810764
-3,-22.5703159242647,-19.5703159242647
-3,-14.0267110530511,-11.0267110530511
-3,-3.21798801658875,-0.217988016588751
-3,2.59316453634374,5.59316453634374
-3,-15.5922880388322,-12.5922880388322
-3,-13.0759480119498,-10.0759480119498
-3,-17.6756618466171,-14.6756618466171
-3,-17.104402267485,-14.104402267485
-3,-4.06593158973425,-1.06593158973425
-3,-17.4434580545544,-14.4434580545544
-3,-20.0451604700498,-17.0451604700498
-3,-15.5907052391566,-12.5907052391566
-3,-13.9735153774045,-10.9735153774045
-3,-2.13209900724199,0.867900992758005
-3,8.62359139608289,11.6235913960829
-3,-16.7103793993365,-13.7103793993365
-3,-18.3259736117514,-15.3259736117514
-3,-12.926459619623,-9.92645961962304
-3,-19.5354666718327,-16.5354666718327
-3,-13.0159525795176,-10.0159525795176
-3,-4.94286080009206,-1.94286080009206
-3,-1.76911808672382,1.23088191327618
-3,-19.4520171554728,-16.4520171554728
-3,-22.3049805539152,-19.3049805539152
-3,-0.543193751269564,2.45680624873044
-3,-11.8488403560633,-8.84884035606334
-3,-3.76960633920172,-0.769606339201719
-3,-21.2628579147991,-18.2628579147991
-3,-21.3407963466015,-18.3407963466015
-3,-15.5216923536556,-12.5216923536556
-3,-12.3600858668007,-9.36008586680068
-3,-14.6158197765083,-11.6158197765083
-3,-23.3648205874203,-20.3648205874203
-3,-22.4476392680658,-19.4476392680658
-3,-4.20002545411432,-1.20002545411432
-3,-17.1959630378254,-14.1959630378254
-3,-12.2772517834651,-9.27725178346506
-3,-18.908244226804,-15.908244226804
-3,-20.5778929120475,-17.5778929120475
-3,-22.3156604206497,-19.3156604206497
-3,-18.0594114477262,-15.0594114477262
-3,-18.2483114263249,-15.2483114263249
-3,-19.5716749821544,-16.5716749821544
-3,-0.371850157581727,2.62814984241827
-3,-12.9023687043325,-9.9023687043325
-3,-19.0908771463852,-16.0908771463852
-3,-17.3622081224543,-14.3622081224543
-3,-13.4878668416791,-10.4878668416791
-3,-18.1407256287993,-15.1407256287993
-3,-12.1397975313591,-9.13979753135912
-3,-24.706751563307,-21.706751563307
-3,-16.2086750548342,-13.2086750548342
-3,-20.3926449290953,-17.3926449290953
-3,-11.6084738842978,-8.60847388429781
-3,-12.4961318108158,-9.49613181081581
-3,-5.61804020086541,-2.61804020086541
-3,-22.4605627115404,-19.4605627115404
-3,-14.8538929115373,-11.8538929115373
-3,-20.468939450483,-17.468939450483
-3,-16.2895032054263,-13.2895032054263
-3,10.5770670427259,13.5770670427259
-3,-6.58758778297811,-3.58758778297811
-3,-0.619343966946354,2.38065603305365
-3,-18.3514795036499,-15.3514795036499
-3,-17.2697495782998,-14.2697495782998
-3,-5.84875563392112,-2.84875563392112
-3,-2.93640355123403,0.0635964487659733
-3,-15.8791908825723,-12.8791908825723
-3,-14.0869268371412,-11.0869268371412
-3,-14.9671646692647,-11.9671646692647
-3,-14.9186476908712,-11.9186476908712
-3,-3.23319627531356,-0.233196275313555
-3,-19.5321326153408,-16.5321326153408
-3,-16.9282011794775,-13.9282011794775
-3,-14.1274256028462,-11.1274256028462
-3,-12.7582769934394,-9.75827699343944
-3,8.53933923025251,11.5393392302525
-3,-4.51401683460557,-1.51401683460557
-3,-1.1173230207996,1.8826769792004
-3,-15.3740389677465,-12.3740389677465
-3,-16.5141775304884,-13.5141775304884
-3,-19.0376001257011,-16.0376001257011
-3,-5.02573723854599,-2.02573723854599
-3,-14.6204522003351,-11.6204522003351
-3,-18.7082131667707,-15.7082131667707
-3,-17.5982973973084,-14.5982973973084
-3,-18.8898767179661,-15.8898767179661
-3,-15.719951056043,-12.719951056043
-3,-16.4158710801249,-13.4158710801249
-3,-18.619598268095,-15.619598268095
-3,-21.5706325625409,-18.5706325625409
-3,-8.78807334612577,-5.78807334612577
-3,-15.9702599538494,-12.9702599538494
-3,-15.0663635899078,-12.0663635899078
-3,-17.8540011748604,-14.8540011748604
-3,-9.51965417837924,-6.51965417837924
-3,-15.2980513210538,-12.2980513210538
-3,-2.31534582185415,0.684654178145855
-3,-13.4464164172981,-10.4464164172981
-3,-5.90127486082823,-2.90127486082823
-3,-20.0590855804874,-17.0590855804874
-3,-16.6138100197392,-13.6138100197392
-3,-14.2513107522641,-11.2513107522641
-3,-19.476917223623,-16.476917223623
-3,-3.93347066727485,-0.933470667274854
-3,-5.35642495246475,-2.35642495246475
-3,-9.75985936381536,-6.75985936381535
-3,-14.2305817168734,-11.2305817168734
-3,-15.6994667612593,-12.6994667612593
-3,-2.12083800957391,0.879161990426087
-3,-3.37620350202147,-0.376203502021466
-3,-12.9263831027539,-9.92638310275387
-3,-18.881991179692,-15.881991179692
-3,-13.4769053600783,-10.4769053600783
-3,-1.64449988656555,1.35550011343445
-3,-21.6219472165489,-18.6219472165489
-3,-3.00696291892862,-0.00696291892862222
-3,-0.319862648412477,2.68013735158752
-3,-17.8849831634693,-14.8849831634693
-3,-11.5454920225504,-8.54549202255038
-3,-15.2285234396867,-12.2285234396867
-3,-19.137540684769,-16.137540684769
-3,-12.7305818327049,-9.73058183270492
-3,-22.1037125807109,-19.1037125807109
-3,-18.89397102604,-15.89397102604
-3,-17.4130494143563,-14.4130494143563
-3,-19.2434285501902,-16.2434285501902
-3,-14.0890970333782,-11.0890970333782
-3,-1.41628879013987,1.58371120986013
-3,-18.2772913471656,-15.2772913471656
-3,-6.53824166146514,-3.53824166146514
-3,-13.0325779552856,-10.0325779552856
-3,-15.4141964765125,-12.4141964765125
-3,-10.5911126845924,-7.5911126845924
-3,-18.9072234525063,-15.9072234525063
-3,-14.8587444955807,-11.8587444955807
-3,-7.93222168017001,-4.93222168017001
-3,-11.1004336965932,-8.10043369659316
-3,-16.8789756963565,-13.8789756963565
-3,-13.6843253110415,-10.6843253110415
-3,-19.4751734970198,-16.4751734970198
-3,-0.249225209778136,2.75077479022186
-3,-15.8553804118344,-12.8553804118344
-3,-18.7902769546,-15.7902769546
-3,-15.2913582389587,-12.2913582389587
-3,-17.3913049745954,-14.3913049745954
-3,-2.60237091538794,0.397629084612059
-3,-10.5030643211031,-7.50306432110306
-3,-20.5358165140854,-17.5358165140854
-3,1.54293851828936,4.54293851828936
-3,-2.14876417084276,0.851235829157238
-3,0.570329870803487,3.57032987080349
-3,-2.50718986650442,0.492810133495582
-3,-9.65217784986398,-6.65217784986398
-3,-3.19732479116664,-0.197324791166642
-3,-16.2903835558156,-13.2903835558156
-3,-18.9238677640421,-15.9238677640421
-3,14.5531848718064,17.5531848718064
-3,-1.44546023971792,1.55453976028208
-3,-17.3399298259179,-14.3399298259179
-3,1.4688669408911,4.4688669408911
-3,-17.5558698972382,-14.5558698972382
-3,-18.8673256395345,-15.8673256395345
-3,-13.0018070613659,-10.0018070613659
-3,-16.9463376892694,-13.9463376892694
-3,-14.2089502338378,-11.2089502338378
-3,-17.2644601210152,-14.2644601210152
-3,-3.42627409885607,-0.426274098856066
-3,-3.18460351687002,-0.184603516870022
-3,-21.7760068428425,-18.7760068428425
-3,-18.1140158981959,-15.1140158981959
-3,-18.6688891227926,-15.6688891227926
-3,-9.99611587698156,-6.99611587698156
-3,-5.25759534437714,-2.25759534437714
-3,-19.499536673024,-16.499536673024
-3,-13.7635080982356,-10.7635080982356
-3,-11.5395267845074,-8.53952678450739
-3,-16.2812684420301,-13.2812684420301
-3,-19.5983239247823,-16.5983239247823
-3,-20.3432233416197,-17.3432233416197
-3,-19.088124073628,-16.088124073628
-3,-8.4053000974088,-5.4053000974088
-3,-17.1248345951168,-14.1248345951168
-3,-0.863547831390151,2.13645216860985
-3,-13.0482785486554,-10.0482785486554
-3,-4.69322729054799,-1.69322729054799
-3,-16.8148779654297,-13.8148779654297
-3,-2.2776598635915,0.722340136408497
-3,-11.2422335367868,-8.24223353678677
-3,-19.1752246835789,-16.1752246835789
-3,-20.4639062212765,-17.4639062212765
-3,-11.7587102545037,-8.75871025450367
-3,-14.2960290804014,-11.2960290804014
-3,-16.0134255342709,-13.0134255342709
-3,-1.95031648234903,1.04968351765097
-3,-12.7522771102219,-9.75227711022186
-3,-19.035712783411,-16.035712783411
-3,-1.88234045353605,1.11765954646395
-3,-14.7614468075079,-11.7614468075079
-3,-16.8700096636972,-13.8700096636972
-3,-15.0432215576424,-12.0432215576424
-3,-19.588039655304,-16.588039655304
-3,-17.5701738353964,-14.5701738353964
-3,-2.8705301499997,0.129469850000303
-3,-13.69405885701,-10.69405885701
-3,-19.0118137107295,-16.0118137107295
-3,-16.8938320526466,-13.8938320526466
-3,-14.430119924949,-11.430119924949
-3,-13.69405885701,-10.69405885701
-3,-21.6491129889744,-18.6491129889744
-3,-15.2430964594547,-12.2430964594547
-3,-17.5902224261268,-14.5902224261268
-3,-17.5491419865697,-14.5491419865697
-3,-13.1638707462732,-10.1638707462732
-3,-12.9023687043325,-9.9023687043325
-3,-20.4023047789094,-17.4023047789094
-3,-19.0520592400801,-16.0520592400801
-3,-10.7506558302908,-7.75065583029083
-3,-18.5323801247716,-15.5323801247716
-3,-15.5321003971355,-12.5321003971355
-3,-10.222067957003,-7.22206795700305
-3,-10.4062377203473,-7.40623772034734
-3,-4.60055129216057,-1.60055129216057
-3,-17.6053603389615,-14.6053603389615
-3,-15.3306251182427,-12.3306251182427
-3,-11.7814893068502,-8.78148930685023
-3,-21.1462501535403,-18.1462501535403
-3,-16.9265468565899,-13.9265468565899
-3,-17.1598387145617,-14.1598387145617
-3,-12.4389193150775,-9.43891931507753
-3,-12.3031847461099,-9.30318474610995
-3,-16.7682165658935,-13.7682165658935
-3,-15.9384102792392,-12.9384102792392
-3,-24.3065526506204,-21.3065526506204
-3,-16.1315313223645,-13.1315313223645
-3,-24.3382750193779,-21.3382750193779
-3,-18.144987871015,-15.144987871015
-3,-17.6524310502134,-14.6524310502134
-3,-18.5379874496412,-15.5379874496412
-3,-18.0996803841996,-15.0996803841996
-3,-14.1351704347346,-11.1351704347346
-3,-12.6454566136133,-9.64545661361334
-3,-16.1455973709715,-13.1455973709715
-3,-18.623088631099,-15.623088631099
-3,-19.7494042414967,-16.7494042414967
-3,-17.457287056258,-14.457287056258
-3,2.21204684607551,5.21204684607551
-3,-15.6295002001074,-12.6295002001074
-3,-0.225761547161107,2.77423845283889
-3,-17.8684626130885,-14.8684626130885
-3,-16.3234826243016,-13.3234826243016
-3,-18.8685846675163,-15.8685846675163
-3,-21.5566130900574,-18.5566130900574
-3,-6.37984956774817,-3.37984956774817
-3,-16.8520275402033,-13.8520275402033
-3,-16.3369804928713,-13.3369804928713
-3,-11.7587102545037,-8.75871025450367
-3,1.44831988779544,4.44831988779544
-3,-15.719951056043,-12.719951056043
-3,-10.5493414308818,-7.54934143088185
-3,-18.8550078300044,-15.8550078300044
-3,-20.4031571383837,-17.4031571383837
-3,-0.607386663701691,2.39261333629831
-3,-17.7376160220261,-14.7376160220261
-3,-15.0432754567345,-12.0432754567345
-3,-17.2435640107192,-14.2435640107192
-3,-15.6891598767537,-12.6891598767537
-3,-14.9609991126798,-11.9609991126798
-3,-16.2795450800227,-13.2795450800227
-3,-2.60237091538794,0.397629084612059
-3,-14.969720667385,-11.969720667385
-3,-3.23702136272311,-0.237021362723106
-3,3.02766153853178,6.02766153853178
-3,-17.669193111286,-14.669193111286
-3,-16.5845342370473,-13.5845342370473
-3,-13.0874790291758,-10.0874790291758
-3,-22.1037125807109,-19.1037125807109
-3,-21.6333155193381,-18.6333155193381
-3,-19.1270509350642,-16.1270509350642
-3,-17.9114922598494,-14.9114922598494
-3,-17.7789480990593,-14.7789480990593
-3,-6.25281733387649,-3.25281733387649
-3,-20.4630927762335,-17.4630927762335
-3,-18.7366742941686,-15.7366742941686
-3,-12.7200127132744,-9.72001271327444
-3,-15.5239454371784,-12.5239454371784
-3,-14.5921117421882,-11.5921117421882
-3,-16.171518531484,-13.171518531484
-3,-19.4520171554728,-16.4520171554728
-3,-1.71357589483386,1.28642410516614
-3,-1.19012131459695,1.80987868540305
-3,-17.7054181774381,-14.7054181774381
-3,-7.90894843545893,-4.90894843545893
-3,-18.9801640933668,-15.9801640933668
-3,-14.3886944872971,-11.3886944872971
-3,-15.6355309278764,-12.6355309278764
-3,-4.61840915010209,-1.61840915010209
-3,-1.3474624163358,1.6525375836642
-3,-18.8361332149374,-15.8361332149374
-3,-15.6563735354866,-12.6563735354866
-3,-2.31394283197432,0.68605716802568
-3,-12.8117136449636,-9.81171364496359
-3,-13.9947456384928,-10.9947456384928
-3,-4.61840915010209,-1.61840915010209
-3,-2.06758843648817,0.932411563511827
-3,-4.51059827101021,-1.51059827101021
-3,-14.5134058768918,-11.5134058768918
-3,0.0963079781976166,3.09630797819762
-3,-18.2966081938926,-15.2966081938926
-3,-17.9567350519954,-14.9567350519954
-3,-1.1956009247352,1.8043990752648
-3,-13.4721195547924,-10.4721195547924
-3,-2.2528364194403,0.747163580559704
-3,1.14717664773769,4.14717664773769
-3,-19.0468374011684,-16.0468374011684
-3,-14.1108243606827,-11.1108243606827
-3,-21.6862455747815,-18.6862455747815
-3,-15.8169073907818,-12.8169073907818
-3,-14.0438592897448,-11.0438592897448
-3,-22.3116244943494,-19.3116244943494
-3,-18.6711022186778,-15.6711022186778
-3,-11.3839181181574,-8.38391811815742
-3,-17.0122448236737,-14.0122448236737
-3,-17.0893936906343,-14.0893936906343
-3,-15.8944414030826,-12.8944414030826
-3,-17.0283160060394,-14.0283160060394
-3,-17.4562565892336,-14.4562565892336
-3,-16.0502309777858,-13.0502309777858
-3,-17.4049744431746,-14.4049744431746
-3,-21.6210389968268,-18.6210389968268
-3,-15.6268539765973,-12.6268539765973
-3,-15.4416059936452,-12.4416059936452
-3,-3.60602229326939,-0.60602229326939
-3,-3.6036922412178,-0.603692241217803
-3,-18.6316580921987,-15.6316580921987
-3,-6.58758778297811,-3.58758778297811
-3,-21.8519493977607,-18.8519493977607
-3,-18.4436411298027,-15.4436411298027
-3,-13.1791559491294,-10.1791559491294
-3,-1.30515745240182,1.69484254759818
-3,-2.97842496892208,0.0215750310779228
-3,-16.7617831684214,-13.7617831684214
-3,-18.6930134979608,-15.6930134979608
-3,0.661088484215679,3.66108848421568
-3,-16.1555079368015,-13.1555079368015
-3,-16.1819328848474,-13.1819328848474
-3,-5.80564986893258,-2.80564986893258
-3,-17.0120920662278,-14.0120920662278
-3,-21.6350288925455,-18.6350288925455
-3,-19.0560669883891,-16.0560669883891
-3,-0.0527836312337362,2.94721636876626
-3,-18.6638435130622,-15.6638435130622
-3,-20.2910650522837,-17.2910650522837
-3,-16.4136899111572,-13.4136899111572
-3,-14.8036260067673,-11.8036260067673
-3,-20.4351231075524,-17.4351231075524
-3,-15.4083532395606,-12.4083532395606
-3,-19.2761251293373,-16.2761251293373
-3,0.900273663246173,3.90027366324617
-3,-17.6478070390206,-14.6478070390206
-3,-18.5353687557587,-15.5353687557587
-3,-21.5273618685086,-18.5273618685086
-3,-9.89890831638301,-6.89890831638301
-3,-20.2745358319104,-17.2745358319104
-3,-15.5211747947543,-12.5211747947543
-3,-12.8420761496517,-9.84207614965168
-3,-16.0965171182014,-13.0965171182014
-3,-15.15198001935,-12.15198001935
-3,-16.8402645869121,-13.8402645869121
-3,-23.3519747336339,-20.3519747336339
-3,-1.25910000016061,1.74089999983939
-3,-18.6967431967399,-15.6967431967399
-3,-4.75149572736685,-1.75149572736685
-3,-3.78798326290407,-0.787983262904072
-3,-15.9496189826826,-12.9496189826826
-3,-14.7937111412824,-11.7937111412824
-3,-12.1620701795902,-9.16207017959018
-3,-19.3275427504196,-16.3275427504196
-3,-14.8231508824553,-11.8231508824553
-3,-20.8709481178149,-17.8709481178149
-3,-13.015931020066,-10.015931020066
-3,-15.4561873680274,-12.4561873680274
-3,-17.3067543290542,-14.3067543290542
-3,-3.10161672641339,-0.101616726413387
-3,-14.2578541031012,-11.2578541031012
-3,-24.0717475969174,-21.0717475969174
-3,-19.6572555930223,-16.6572555930223
-3,-16.082567295941,-13.082567295941
-3,-2.31394283197432,0.68605716802568
-3,-18.2088933520167,-15.2088933520167
-3,-15.0572958504731,-12.0572958504731
-3,-6.42648343656536,-3.42648343656536
-3,-17.9909539636013,-14.9909539636013
-3,-17.963770640261,-14.963770640261
-3,-1.30515745240182,1.69484254759818
-3,-18.1618841588674,-15.1618841588674
-3,-16.4199767481723,-13.4199767481723
-3,-16.9282011794775,-13.9282011794775
-3,-20.1044180411619,-17.1044180411619
-3,-15.8088879064156,-12.8088879064156
-3,3.69616254760624,6.69616254760624
-3,-17.0259987895839,-14.0259987895839
-3,-18.2983931568884,-15.2983931568884
-3,-19.6063790148862,-16.6063790148862
-3,-27.0453195563502,-24.0453195563502
-3,-15.2543978087003,-12.2543978087003
-3,-20.5266471402138,-17.5266471402138
-3,-0.337019372196255,2.66298062780375
-3,-14.919642078559,-11.919642078559
-3,-1.44546023971792,1.55453976028208
-3,-15.4383919405113,-12.4383919405113
-3,-0.03030841435839,2.96969158564161
-3,-14.9391619725909,-11.9391619725909
-3,-18.1206869017232,-15.1206869017232
-3,-8.73902918222596,-5.73902918222595
-3,-15.4279365086295,-12.4279365086295
-3,-15.5766466790938,-12.5766466790938
-3,-19.2232414894359,-16.2232414894359
-3,-15.9274024934495,-12.9274024934495
-3,-14.5102660549686,-11.5102660549686
-3,-11.9677436030428,-8.96774360304281
-3,-13.9744303430367,-10.9744303430367
-3,-15.3740389677465,-12.3740389677465
-3,-22.1691382980928,-19.1691382980928
-3,-16.2848433867775,-13.2848433867775
-3,-18.9201471014829,-15.9201471014829
-3,-14.8645934050802,-11.8645934050802
-3,-13.4568429592047,-10.4568429592047
-3,-8.16449632805982,-5.16449632805981
-3,-15.4321892324177,-12.4321892324177
-3,-13.0445987926684,-10.0445987926684
-3,-15.5969733828726,-12.5969733828726
-3,-18.9084834155455,-15.9084834155455
-3,-14.2743450163304,-11.2743450163304
-3,-11.3207782303857,-8.32077823038567
-3,-19.3328438382332,-16.3328438382332
-3,-17.4381750662291,-14.4381750662291
-3,-17.490413863665,-14.490413863665
-3,-3.34892093482632,-0.348920934826324
-3,-1.60153677309199,1.39846322690801
-3,-19.5654539353767,-16.5654539353767
-3,-17.7987657963586,-14.7987657963586
-3,-18.0996803841996,-15.0996803841996
-3,-2.08407186073811,0.915928139261892
-3,-17.5997314349686,-14.5997314349686
-3,-1.34307992892962,1.65692007107038
-3,-17.1589789079252,-14.1589789079252
-3,-13.2865063635777,-10.2865063635777
-3,-19.5964785641085,-16.5964785641085
-3,-11.620249877003,-8.62024987700298
-3,-11.7587102545037,-8.75871025450367
-3,-19.8991597640081,-16.8991597640081
-3,-13.4568429592047,-10.4568429592047
-3,-2.14076981250432,0.859230187495685
-3,-15.9842937846674,-12.9842937846674
-3,-19.0393850886969,-16.0393850886969
-3,-19.939670014503,-16.939670014503
-3,-3.61637462404469,-0.616374624044689
-3,-3.63058758468326,-0.630587584683258
-3,-20.4291510832826,-17.4291510832826
-3,-23.2363825360161,-20.2363825360161
-3,-14.1139582570272,-11.1139582570272
-3,-4.27316342647425,-1.27316342647425
-3,-0.519752139343558,2.48024786065644
-3,-21.239734131068,-18.239734131068
-3,-17.0763292818705,-14.0763292818705
-3,-17.6091288409981,-14.6091288409981
-3,-11.7765749062225,-8.77657490622246
-3,-18.4436411298027,-15.4436411298027
-3,-5.80471518826072,-2.80471518826072
-3,-17.6912321123824,-14.6912321123824
-3,-6.35518887837468,-3.35518887837468
-3,3.06644300212585,6.06644300212585
-3,-17.8273182148105,-14.8273182148105
-3,-19.2761251293373,-16.2761251293373
-3,-15.4083532395606,-12.4083532395606
-3,-16.495496690356,-13.495496690356
-3,-15.9226684287065,-12.9226684287065
-3,-18.6930134979608,-15.6930134979608
-3,-1.98443552864669,1.01556447135331
-3,-13.2603975134555,-10.2603975134555
-3,-17.9242632297511,-14.9242632297511
-3,-16.6470833694436,-13.6470833694436
-3,-2.71302467080473,0.286975329195275
-3,-17.0113474838735,-14.0113474838735
-3,-1.69459003135481,1.30540996864519
-3,-15.2362621502971,-12.2362621502971
-3,-1.49340507383136,1.50659492616864
-3,1.7224845459924,4.7224845459924
-3,-10.2392411576684,-7.23924115766842
-3,-20.1756551698412,-17.1756551698412
-3,-13.6858797701303,-10.6858797701303
-3,-11.9340443705172,-8.93404437051722
-3,-17.3679130113384,-14.3679130113384
-3,-22.9069659776371,-19.9069659776371
-3,-13.8651711965998,-10.8651711965998
-3,-8.50666547429656,-5.50666547429656
-3,-18.2444847129888,-15.2444847129888
-3,-19.9279021718937,-16.9279021718937
-3,-9.26516065496525,-6.26516065496525
-3,-18.3469979930912,-15.3469979930912
-3,-2.90226476180375,0.0977352381962548
-3,-4.67368506223394,-1.67368506223394
-3,-1.49340507383136,1.50659492616864
-3,2.30777947184771,5.30777947184771
-3,-16.0003069418292,-13.0003069418292
-3,-16.8148779654297,-13.8148779654297
-3,-22.8289641663485,-19.8289641663485
-3,-15.8500461384943,-12.8500461384943
-3,-19.1924096554391,-16.1924096554391
-3,-1.46293213967872,1.53706786032128
-3,-17.1786460206654,-14.1786460206654
-3,-12.3046772705997,-9.3046772705997
-3,-12.6563843311942,-9.65638433119418
-3,-9.5379541861988,-6.5379541861988
-3,-2.82861686842249,0.171383131577508
-3,-14.6158197765083,-11.6158197765083
-3,-20.8056190734567,-17.8056190734567
-3,-19.9337559516816,-16.9337559516816
-3,-2.99683791260275,0.00316208739724644
-3,-5.64511570973035,-2.64511570973035
-3,-11.3207782303857,-8.32077823038567
-3,-6.95808374888236,-3.95808374888236
-3,-18.8361332149374,-15.8361332149374
-3,-18.182110298282,-15.182110298282
-3,-17.3585157798544,-14.3585157798544
-3,-18.5732967582634,-15.5732967582634
-3,-10.8154807498444,-7.81548074984435
-3,-21.9410049969064,-18.9410049969064
-3,-2.51326737039589,0.486732629604113
-3,-15.5655714977986,-12.5655714977986
-3,-18.1377450421926,-15.1377450421926
-3,-1.39832646824252,1.60167353175748
-3,-16.9121869366005,-13.9121869366005
-3,-11.1855148175459,-8.1855148175459
-3,-20.987000227358,-17.987000227358
-3,1.34360986266635,4.34360986266635
-3,-19.5785389781262,-16.5785389781262
-3,-16.5028865938544,-13.5028865938544
-3,-15.6355309278764,-12.6355309278764
-3,-8.23984977158136,-5.23984977158136
-3,-9.81086789402944,-6.81086789402944
-3,2.30777947184771,5.30777947184771
-3,-16.7841858770615,-13.7841858770615
-3,-18.7415672928956,-15.7415672928956
-3,-3.90015224476518,-0.900152244765179
-3,-5.33447052252051,-2.33447052252051
-3,-20.735740522318,-17.735740522318
-3,-18.1648727898545,-15.1648727898545
-3,-13.9504705716942,-10.9504705716942
-3,-15.1340931206745,-12.1340931206745
-3,-20.2838912739887,-17.2838912739887
-3,-19.1211962262896,-16.1211962262896
-3,-0.170662061005006,2.82933793899499
-3,-14.7975156273903,-11.7975156273903
-3,-1.49989297989662,1.50010702010338
-3,-6.8218268133497,-3.8218268133497
-3,-17.2582100716022,-14.2582100716022
-3,-18.4085307202068,-15.4085307202068
-3,-18.2983931568884,-15.2983931568884
-3,-12.5175638374561,-9.51756383745606
-3,-12.7620615935869,-9.76206159358695
-3,-14.7814840534458,-11.7814840534458
-3,-18.6930134979608,-15.6930134979608
-3,-18.238427579204,-15.238427579204
-3,-22.2799034074386,-19.2799034074386
-3,-20.1756551698412,-17.1756551698412
-3,-1.56609689063945,1.43390310936055
-3,-13.9159948593836,-10.9159948593836
-3,-11.6751509508932,-8.67515095089318
-3,-18.066136854277,-15.066136854277
-3,-19.3578510107407,-16.3578510107407
-3,-14.4030268820291,-11.4030268820291
-3,-12.7305818327049,-9.73058183270492
-3,-15.785534889546,-12.785534889546
-3,-8.5305580281155,-5.5305580281155
-3,-7.11391309880594,-4.11391309880594
-3,-19.2458019927731,-16.2458019927731
-3,-14.9853925217067,-11.9853925217067
-3,-21.3562564102873,-18.3562564102873
-3,-15.2916349182448,-12.2916349182448
-3,-14.1139582570272,-11.1139582570272
-3,-7.40229124949548,-4.40229124949548
-3,-11.9883738088057,-8.9883738088057
-3,-11.2164691555497,-8.21646915554971
-3,-16.4860843295336,-13.4860843295336
-3,-17.8736510799834,-14.8736510799834
-3,-19.0855868186324,-16.0855868186324
-3,-15.5000891548121,-12.5000891548121
-3,-17.5083485373606,-14.5083485373606
-3,-21.0040189156676,-18.0040189156676
-3,-21.8519493977607,-18.8519493977607
-3,-11.9572605297474,-8.95726052974736
-3,-17.4598896565385,-14.4598896565385
-3,-16.6667795572512,-13.6667795572512
-3,-17.1681161507984,-14.1681161507984
-3,-13.5387541791113,-10.5387541791113
-3,-17.9098933001767,-14.9098933001767
-3,-13.0085694021807,-10.0085694021807
-3,-15.6667323062169,-12.6667323062169
-3,-2.06429057608609,0.93570942391391
-3,-15.2516544330835,-12.2516544330835
-3,-17.3039988389412,-14.3039988389412
-3,-18.5084233232721,-15.5084233232721
-3,2.35632539205764,5.35632539205764
-3,4.69043509280148,7.69043509280148
-3,-2.97478877295306,0.02521122704694
-3,-20.4023047789094,-17.4023047789094
-3,-15.7754479051527,-12.7754479051527
-3,-15.7610728839119,-12.7610728839119
-3,-17.05085617308,-14.05085617308
-3,-11.558349515509,-8.55834951550904
-3,-15.1758361765182,-12.1758361765182
-3,-19.7692608535431,-16.7692608535431
-3,-16.5009298996689,-13.5009298996689
-3,-21.4331250557393,-18.4331250557393
-3,-16.273092328944,-13.273092328944
-3,-16.7529232486923,-13.7529232486923
-3,-20.6514087117031,-17.6514087117031
-3,-20.7613287458868,-17.7613287458868
-3,-4.18633153353963,-1.18633153353963
-3,-15.802157635756,-12.802157635756
-3,-5.98469291247044,-2.98469291247044
-3,-23.3648205874203,-20.3648205874203
-3,-21.107630373339,-18.107630373339
-3,-14.3164581042439,-11.3164581042439
-3,-19.0520592400801,-16.0520592400801
-3,-17.0478516568532,-14.0478516568532
-3,-9.1244754644633,-6.1244754644633
-3,-15.0614103494952,-12.0614103494952
-3,-14.3903571200394,-11.3903571200394
-3,-11.5060262133378,-8.50602621333779
-3,-6.62997532476663,-3.62997532476663
-3,-15.7988404083111,-12.7988404083111
-3,0.119682442507433,3.11968244250743
-3,-17.9436445324189,-14.9436445324189
-3,-21.9281905356598,-18.9281905356598
-3,-16.3939230377863,-13.3939230377863
-3,-2.91302220977546,0.0869777902245374
-3,-14.4526614574086,-11.4526614574086
-3,-20.2235511565126,-17.2235511565126
-3,-13.7755819629148,-10.7755819629148
-3,-15.5679143133349,-12.5679143133349
-3,-1.97665810631409,1.02334189368591
-3,-9.19262890506569,-6.19262890506569
-3,-18.7646139924253,-15.7646139924253
-3,-12.8329957323214,-9.83299573232143
-3,-17.00402709696,-14.00402709696
-3,-11.5276478263716,-8.52764782637163
-3,-18.2114084315469,-15.2114084315469
-3,-2.2776598635915,0.722340136408497
-3,-1.28459116275982,1.71540883724018
-3,-11.4060789403182,-8.40607894031821
-3,-1.30815709087923,1.69184290912077
-3,-4.97104725806482,-1.97104725806482
-3,-19.3105449959311,-16.3105449959311
-3,-15.2749471929382,-12.2749471929382
-3,-17.640245544204,-14.640245544204
-3,-23.1465476608012,-20.1465476608012
-3,-19.1048955557512,-16.1048955557512
-3,-3.28686470936551,-0.286864709365509
-3,-17.9388548996371,-14.9388548996371
-3,-21.0397560658459,-18.0397560658459
-3,-20.23889380606,-17.23889380606
-3,-16.6138100197392,-13.6138100197392
-3,-13.0073714687256,-10.0073714687256
-3,-17.3201629525469,-14.3201629525469
-3,-17.3737499121854,-14.3737499121854
-3,-20.7613287458868,-17.7613287458868
-3,-19.064759128496,-16.064759128496
-3,-12.7187278574298,-9.71872785742983
-3,-20.7728007448137,-17.7728007448137
-3,-15.0968449864827,-12.0968449864827
-3,-11.0187087352389,-8.01870873523895
-3,-16.646908651754,-13.646908651754
-3,0.276124771135605,3.27612477113561
-3,-17.8544410942381,-14.8544410942381
-3,-20.3741852493353,-17.3741852493353
-3,-17.3897789836017,-14.3897789836017
-3,-15.7189669886095,-12.7189669886095
-3,-17.3291561866093,-14.3291561866093
-3,-13.7240542086922,-10.7240542086922
-3,-6.21925159982537,-3.21925159982537
-3,-19.4800338706122,-16.4800338706122
-3,-16.6730279451822,-13.6730279451822
-3,-3.82917770251765,-0.829177702517648
-3,-15.2913582389587,-12.2913582389587
-3,-14.5922393251687,-11.5922393251687
-3,-16.2358978532557,-13.2358978532557
-3,-0.519752139343558,2.48024786065644
-3,-5.33447052252051,-2.33447052252051
-3,-16.486441034675,-13.486441034675
-3,-8.06474783589747,-5.06474783589747
-3,-15.2980513210538,-12.2980513210538
-3,-13.8308466671144,-10.8308466671144
-3,-17.9063177989401,-14.9063177989401
-3,-12.95185486279,-9.95185486279002
-3,-0.541158026909252,2.45884197309075
-3,-20.5778929120475,-17.5778929120475
-3,-18.3469979930912,-15.3469979930912
-3,-8.19306216612992,-5.19306216612992
-3,-16.846127504672,-13.846127504672
-3,-20.2664651840274,-17.2664651840274
-3,-1.8756422878545,1.1243577121455
-3,-16.2903835558156,-13.2903835558156
-3,-19.0487956425913,-16.0487956425913
-3,-13.3351288173195,-10.3351288173195
-3,-9.36073501438013,-6.36073501438013
-3,-18.3185276721235,-15.3185276721235
-3,-16.8164609098309,-13.8164609098309
-3,-12.1620701795902,-9.16207017959018
-3,-15.5228046102608,-12.5228046102608
-3,-23.2326049537802,-20.2326049537802
-3,-18.6933577436149,-15.6933577436149
-3,-18.288635436439,-15.288635436439
-3,-4.45841140942637,-1.45841140942637
-3,-21.0147650821458,-18.0147650821458
-3,-15.4594033884238,-12.4594033884238
-3,-15.3855014614221,-12.3855014614221
-3,-18.1063066684885,-15.1063066684885
-3,-16.2930900991555,-13.2930900991555
-3,-4.20550506425258,-1.20550506425258
-3,-7.79676410865071,-4.79676410865071
-3,-4.27415801966503,-1.27415801966503
-3,-16.9742244227108,-13.9742244227108
-3,-14.0600758276519,-11.0600758276519
-3,-17.2986971453817,-14.2986971453817
-3,-20.898087998031,-17.898087998031
-3,-18.0149149809123,-15.0149149809123
-3,-17.7835930909446,-14.7835930909446
-3,-19.2507254643951,-16.2507254643951
-3,-13.9048626780816,-10.9048626780816
-3,-16.4756315387678,-13.4756315387678
-3,-19.2629227217553,-16.2629227217553
-3,-17.6091288409981,-14.6091288409981
-3,-3.13591609262712,-0.135916092627122
-3,-15.7587011698544,-12.7587011698544
-3,-18.1271971645805,-15.1271971645805
-3,-17.168667499874,-14.168667499874
-3,-17.365905960153,-14.365905960153
-3,-13.2727270121279,-10.2727270121279
-3,-14.5570593892453,-11.5570593892453
-3,-0.593788101700425,2.40621189829958
-3,-17.9816311682093,-14.9816311682093
-3,-19.5416633954046,-16.5416633954046
-3,-7.40229124949548,-4.40229124949548
-3,-16.0100184483894,-13.0100184483894
-3,-18.8960405606334,-15.8960405606334
-3,-17.0721837858176,-14.0721837858176
-3,-21.7971880325755,-18.7971880325755
-3,-17.5415872174225,-14.5415872174225
-3,-16.9547983632944,-13.9547983632944
-3,-17.5095941988381,-14.5095941988381
-3,-11.7836134001825,-8.78361340018252
-3,-17.2531228443417,-14.2531228443417
-3,-17.8043468066028,-14.8043468066028
-3,-7.65192475903954,-4.65192475903954
-3,-16.850720018794,-13.850720018794
-3,-9.22362482125821,-6.22362482125821
-3,-10.3068388148905,-7.30683881489048
-3,-16.9210229949507,-13.9210229949507
-3,2.30777947184771,5.30777947184771
-3,-16.2160784586869,-13.2160784586869
-3,-17.530334680466,-14.530334680466
-3,-23.1465476608012,-20.1465476608012
-3,-15.5446179385758,-12.5446179385758
-3,-11.2418561149332,-8.24185611493316
-3,-7.07206014690511,-4.07206014690511
-3,-19.2629227217553,-16.2629227217553
-3,-20.6910682709909,-17.6910682709909
-3,-14.8642593252567,-11.8642593252567
-3,-16.4207269436901,-13.4207269436901
-3,-16.6550260972871,-13.6550260972871
-3,-15.8979669434526,-12.8979669434526
-3,-21.8733900873557,-18.8733900873557
-3,-0.952735622891552,2.04726437710845
-3,-19.6235262110754,-16.6235262110754
-3,-2.11983492929305,0.880165070706952
-3,-15.1840940178618,-12.1840940178618
-3,-15.1657972607988,-12.1657972607988
-3,-14.8642593252567,-11.8642593252567
-3,-12.938308462282,-9.93830846228198
-3,-16.9672273410526,-13.9672273410526
-3,-15.1853148889892,-12.1853148889892
-3,-5.69951256659151,-2.69951256659151
-3,-18.7415672928956,-15.7415672928956
-3,-17.0979404324519,-14.0979404324519
-3,-14.6584744416862,-11.6584744416862
-3,-18.5323801247716,-15.5323801247716
-3,-11.7350339832942,-8.73503398329421
-3,-17.0244977836232,-14.0244977836232
-3,-13.6621533430304,-10.6621533430304
-3,-16.7103793993365,-13.7103793993365
-3,11.478375271019,14.478375271019
-3,-11.5060262133378,-8.50602621333779
-3,-17.4381750662291,-14.4381750662291
-3,-17.2077390305305,-14.2077390305305
-3,-4.27415801966503,-1.27415801966503
-3,-9.81086789402944,-6.81086789402944
-3,-14.8347954416996,-11.8347954416996
-3,-19.0868228831281,-16.0868228831281
-3,-19.2507254643951,-16.2507254643951
-3,-17.5558698972382,-14.5558698972382
-3,-17.6091288409981,-14.6091288409981
-3,-15.6789848163638,-12.6789848163638
-3,-0.122555899581658,2.87744410041834
-3,-18.0957461995295,-15.0957461995295
-3,-17.00402709696,-14.00402709696
-3,-18.192211513165,-15.192211513165
-3,0.198547089667119,3.19854708966712
-3,-9.22362482125821,-6.22362482125821
-3,-19.2151261889914,-16.2151261889914
-3,-19.0855868186324,-16.0855868186324
-3,-20.202365044098,-17.202365044098
-3,-17.9063177989401,-14.9063177989401
-3,-4.22368512813289,-1.22368512813289
-3,-17.457287056258,-14.457287056258
-3,-11.558349515509,-8.55834951550904
-3,-14.1528352789641,-11.1528352789641
-3,-18.5732967582634,-15.5732967582634
-3,-18.8361332149374,-15.8361332149374
-3,-14.1440658529983,-11.1440658529983
-3,-20.0343582881462,-17.0343582881462
-3,-16.382427282788,-13.382427282788
-3,-13.6242496725885,-10.6242496725885
-3,-20.9483888779517,-17.9483888779517
-3,-3.27947220782216,-0.279472207822164
-3,-16.7478576992416,-13.7478576992416
-3,-13.5056649731841,-10.5056649731841
-3,-17.0867910903538,-14.0867910903538
-3,-15.023379067922,-12.023379067922
-3,-15.8164806357817,-12.8164806357817
-3,-15.9274024934495,-12.9274024934495
-3,-15.1569720110692,-12.1569720110692
-3,-18.4475844088151,-15.4475844088151
-3,-22.2357409581197,-19.2357409581197
-3,-12.0883037088956,-9.0883037088956
-3,-17.9388548996371,-14.9388548996371
-3,-17.5165681622544,-14.5165681622544
-3,-9.27534684236194,-6.27534684236194
-3,-19.6445444761955,-16.6445444761955
-3,2.13367503431452,5.13367503431452
-3,-18.4720285777947,-15.4720285777947
-3,-19.0392447489306,-16.0392447489306
-3,-6.0478590512076,-3.0478590512076
-3,-21.9389752184964,-18.9389752184964
-3,-12.5234875518992,-9.52348755189918
-3,-14.8010677594604,-11.8010677594604
-3,-14.8595596070002,-11.8595596070002
-3,-12.4389193150775,-9.43891931507753
-3,-20.0049490474355,-17.0049490474355
-3,-13.1756742835381,-10.1756742835381
-3,-6.9540010136995,-3.9540010136995
-3,-17.09971023508,-14.09971023508
-3,-16.6621869490447,-13.6621869490447
-3,-0.543193751269564,2.45680624873044
-3,-5.69707338502012,-2.69707338502012
-3,-18.8721886487847,-15.8721886487847
-3,-2.92080765003055,0.079192349969452
-3,-16.138837650443,-13.138837650443
-3,-20.9922246829982,-17.9922246829982
-3,-1.08770610581282,1.91229389418718
-3,-13.9729640283289,-10.9729640283289
-3,-17.5456489570731,-14.5456489570731
-3,-2.8583201323868,0.141679867613203
-3,-18.114521215152,-15.114521215152
-3,-4.94649699606107,-1.94649699606107
-3,-12.4961318108158,-9.49613181081581
-3,-19.1868199833934,-16.1868199833934
-3,-21.9623045028728,-18.9623045028728
-3,-16.5009298996689,-13.5009298996689
-3,-7.39266298724113,-4.39266298724113
-3,-15.8889612631244,-12.8889612631244
-3,-2.31051160799835,0.689488392001649
-3,-1.59974872993189,1.40025127006811
-3,-16.4201114303188,-13.4201114303188
-3,-17.1349149695948,-14.1349149695948
-3,-17.7630141386687,-14.7630141386687
-3,-12.7087355348513,-9.7087355348513
-3,-20.8643452337555,-17.8643452337555
-3,-10.5203607019231,-7.52036070192307
-3,-4.23278763144773,-1.23278763144773
-3,-16.401625942176,-13.401625942176
-3,-20.5358165140854,-17.5358165140854
-3,-17.5511539431051,-14.5511539431051
-3,-18.3438890657205,-15.3438890657205
-3,-17.0122448236737,-14.0122448236737
-3,-14.9601291523385,-11.9601291523385
-3,-13.3988524527111,-10.3988524527111
-3,-14.6421748539031,-11.6421748539031
-3,-19.0920797462096,-16.0920797462096
-3,-15.4811398464096,-12.4811398464096
-3,-13.4436120290171,-10.4436120290171
-3,-18.7143850316248,-15.7143850316248
-3,-3.3737015509693,-0.373701550969297
-3,-18.1110256849149,-15.1110256849149
-3,-3.3155344434748,-0.315534443474799
-3,-20.8610246725216,-17.8610246725216
-3,-2.77205824497375,0.227941755026251
-3,-12.9478664999816,-9.94786649998164
-3,-3.54312466523654,-0.543124665236541
-3,-1.19012131459695,1.80987868540305
-3,-18.449858803783,-15.449858803783
-3,1.53359883440874,4.53359883440874
-3,-15.5781752866883,-12.5781752866883
-3,-18.2208652392442,-15.2208652392442
-3,-2.75254161416763,0.247458385832374
-3,-12.7900470811748,-9.79004708117478
-3,-13.2531310256341,-10.2531310256341
-3,-10.6219443837561,-7.62194438375614
-3,-20.0273087571756,-17.0273087571756
-3,-20.2868301146641,-17.2868301146641
-3,-12.4361941905003,-9.43619419050025
-3,-2.31534582185415,0.684654178145855
-3,-16.7135897059702,-13.7135897059702
-3,-15.0432215576424,-12.0432215576424
-3,-17.09971023508,-14.09971023508
-3,-7.69425186999322,-4.69425186999322
-3,-21.0229351446317,-18.0229351446317
-3,-17.3101614149358,-14.3101614149358
-3,-2.53256363187799,0.467436368122015
-3,-18.8573276516297,-15.8573276516297
-3,9.99639140740197,12.996391407402
-3,-19.388301662557,-16.388301662557
-3,-17.7962495784578,-14.7962495784578
-3,-8.13378091814991,-5.13378091814991
-3,-3.42199950571109,-0.421999505711091
-3,1.14717664773769,4.14717664773769
-3,-13.9459621383396,-10.9459621383396
-3,-18.925964933598,-15.925964933598
-3,-16.1843971907753,-13.1843971907753
-3,-17.4839451283338,-14.4839451283338
-3,-17.9467093734641,-14.9467093734641
-3,-19.7338506916685,-16.7338506916685
-3,-1.46293213967872,1.53706786032128
-3,-17.9603131013301,-14.9603131013301
-3,-1.83764675392639,1.16235324607361
-3,-9.1214970353577,-6.1214970353577
-3,-20.4351231075524,-17.4351231075524
-3,-2.48782416648255,0.512175833517448
-3,-21.2451969185466,-18.2451969185466
-3,-17.0744589624317,-14.0744589624317
-3,-16.8694750191787,-13.8694750191787
-3,-17.1842215810998,-14.1842215810998
-3,-2.82861686842249,0.171383131577508
-3,-3.21532050198526,-0.21532050198526
-3,-6.53394721472961,-3.53394721472961
-3,-15.2549435989793,-12.2549435989793
-3,-12.6594448981076,-9.65944489810764
-3,-19.6421580698333,-16.6421580698333
-3,-16.8291819035879,-13.8291819035879
-3,3.25169098507797,6.25169098507797
-3,-10.3814236798677,-7.38142367986768
-3,-2.51326737039589,0.486732629604113
-3,-20.0126540357375,-17.0126540357375
-3,-17.7476654283446,-14.7476654283446
-3,-15.8553804118344,-12.8553804118344
-3,-17.1442681763305,-14.1442681763305
-3,-17.4437428659244,-14.4437428659244
-3,-18.9189076646204,-15.9189076646204
-3,1.84913539644273,4.84913539644273
-3,-1.30515745240182,1.69484254759818
-3,-14.3229318516895,-11.3229318516895
-3,-2.85421661689505,0.145783383104949
-3,-2.24000178055883,0.759998219441172
-3,-18.0332832074393,-15.0332832074393
-3,-15.5001823850098,-12.5001823850098
-3,-15.4054572562045,-12.4054572562045
-3,-14.0286128747563,-11.0286128747563
-3,-21.3274490288734,-18.3274490288734
-3,-17.9467093734641,-14.9467093734641
-3,-15.2749471929382,-12.2749471929382
-3,-21.3293175807402,-18.3293175807402
-3,-2.95402558285331,0.0459744171466907
-3,-14.9990284460551,-11.9990284460551
-3,-11.8488403560633,-8.84884035606334
-3,-19.6537950803991,-16.6537950803991
-3,-2.3572782609191,0.642721739080905
-3,-13.6983158022227,-10.6983158022227
-3,-20.8564967598644,-17.8564967598644
-3,-20.0638659104952,-17.0638659104952
-3,-23.7353165533246,-20.7353165533246
-3,-18.8141370957069,-15.8141370957069
-3,-2.03204925396501,0.967950746034991
-3,-6.58758778297811,-3.58758778297811
-3,-20.4358991593221,-17.4358991593221
-3,-14.4069913422165,-11.4069913422165
-3,-2.94691853320021,0.053081466799787
-3,-17.6756618466171,-14.6756618466171
-3,-4.24915680377448,-1.24915680377448
-3,-14.5287079771853,-11.5287079771853
-3,-19.8801552104657,-16.8801552104657
-3,-20.2838912739887,-17.2838912739887
-3,-4.75688975233845,-1.75688975233845
-3,-11.4084439552642,-8.40844395526419
-3,-16.3232317475002,-13.3232317475002
-3,-21.9184645977588,-18.9184645977588
-3,-1.45392747857209,1.54607252142791
-3,-19.3460209034564,-16.3460209034564
-3,-17.439754503116,-14.439754503116
-3,-15.6414353509795,-12.6414353509795
-3,-17.3248837354558,-14.3248837354558
-3,-17.6675622866724,-14.6675622866724
-3,-14.8703030733627,-11.8703030733627
-3,-17.7987657963586,-14.7987657963586
-3,-0.9667534789696,2.0332465210304
-3,-15.3487616280347,-12.3487616280347
-3,-13.7224861112007,-10.7224861112007
-3,-18.4373219387774,-15.4373219387774
-3,-14.1185573779981,-11.1185573779981
-3,-17.2072701898123,-14.2072701898123
-3,-13.7896374488845,-10.7896374488845
-3,3.9773765106154,6.9773765106154
-3,-17.7425088682658,-14.7425088682658
-3,-13.8047201907582,-10.8047201907582
-3,-15.9507430484614,-12.9507430484614
-3,-19.4696422240982,-16.4696422240982
-3,-14.6955140379207,-11.6955140379207
-3,-17.654745121752,-14.654745121752
-3,-13.4672871091226,-10.4672871091226
-3,-16.8525235845271,-13.8525235845271
-3,-18.388129210745,-15.388129210745
-3,-22.2800331199985,-19.2800331199985
-3,-2.69130655993309,0.30869344006691
-3,-11.4284896261142,-8.42848962611419
-3,-22.6328872510179,-19.6328872510179
-3,-12.3706391538975,-9.37063915389751
-3,-9.20341359737991,-6.20341359737991
-3,-14.6042155588951,-11.6042155588951
-3,-16.8366566905357,-13.8366566905357
-3,-16.6797152859308,-13.6797152859308
-3,-15.8298993543281,-12.8298993543281
-3,-12.9800959178062,-9.98009591780623
-3,-17.0974349195527,-14.0974349195527
-3,-14.2427241514145,-11.2427241514145
-3,-1.31140018068317,1.68859981931683
-3,-11.9839579320658,-8.98395793206577
-3,-16.8910814902,-13.8910814902
-3,-13.7635911262392,-10.7635911262392
-3,-14.8036260067673,-11.8036260067673
-3,-2.21303365104482,0.786966348955183
-3,-17.2710086062815,-14.2710086062815
-3,-3.37620350202147,-0.376203502021466
-3,-17.2150132766046,-14.2150132766046
-3,-21.4054409625746,-18.4054409625746
-3,-5.03392599452767,-2.03392599452767
-3,0.743933152397247,3.74393315239725
-3,-16.2585458553936,-13.2585458553936
-3,-3.95631243379375,-0.956312433793753
-3,-5.49640954908676,-2.49640954908676
-3,-16.3511549011043,-13.3511549011043
-3,-3.61729080321907,-0.617290803219067
-3,-2.89086101804707,0.109138981952929
-3,-19.6797484561624,-16.6797484561624
-3,-16.9694338600136,-13.9694338600136
-3,-3.78798326290407,-0.787983262904072
-3,-16.7478576992416,-13.7478576992416
-3,-17.0244977836232,-14.0244977836232
-3,-21.1722482103101,-18.1722482103101
-3,-23.2162464893365,-20.2162464893365
-3,-16.8148779654297,-13.8148779654297
-3,-0.276960569848133,2.72303943015187
-3,-5.95494261708793,-2.95494261708793
-3,-17.4806245671,-14.4806245671
-3,-14.7937111412824,-11.7937111412824
-3,-20.8497669280819,-17.8497669280819
-3,-19.3418219393244,-16.3418219393244
-3,-8.06474783589747,-5.06474783589747
-3,-9.25512394517307,-6.25512394517307
-3,-1.49340507383136,1.50659492616864
-3,-17.3248837354558,-14.3248837354558
-3,-14.9863157424125,-11.9863157424125
-3,-17.9882886792356,-14.9882886792356
-3,-14.3387111810365,-11.3387111810365
-3,-16.0268695013908,-13.0268695013908
-3,-2.5616145047182,0.438385495281797
-3,-15.4401955062445,-12.4401955062445
-3,-18.3438890657205,-15.3438890657205
-3,-21.6667014148086,-18.6667014148086
-3,-12.4741969151555,-9.47419691515552
-3,-19.7120972763868,-16.7120972763868
-3,-20.8775603377468,-17.8775603377468
-3,-16.7098748743034,-13.7098748743034
-3,-19.9121593613088,-16.9121593613088
-3,-9.25512394517307,-6.25512394517307
-3,-6.42747802975615,-3.42747802975615
-3,-19.4402343382248,-16.4402343382248
-3,-18.7798664789163,-15.7798664789163
-3,-11.9741204671392,-8.9741204671392
-3,-23.6013875464771,-20.6013875464771
-3,-1.53476749485072,1.46523250514928
-3,-20.23889380606,-17.23889380606
-3,-20.900662053112,-17.900662053112
-3,-22.0183164492056,-19.0183164492056
-3,-9.46503861108276,-6.46503861108276
-3,-12.4845894302697,-9.48458943026965
-3,-18.4022330864993,-15.4022330864993
-3,-15.4128566133262,-12.4128566133262
-3,1.66026814460521,4.66026814460521
-3,-9.03837683830609,-6.03837683830609
-3,-16.8475633275512,-13.8475633275512
-3,-12.8138719382321,-9.81387193823209
-3,-2.48782416648255,0.512175833517448
-3,-16.7455593352598,-13.7455593352598
-3,-16.0372282721212,-13.0372282721212
-3,-5.7436074771171,-2.7436074771171
-3,-15.8934045840254,-12.8934045840254
-3,-22.239553431479,-19.239553431479
-3,-16.3234826243016,-13.3234826243016
-3,-14.519707935091,-11.519707935091
-3,-18.1514348240425,-15.1514348240425
-3,-23.7866355294292,-20.7866355294292
-3,-15.4141964765125,-12.4141964765125
-3,-21.9095371540943,-18.9095371540943
-3,-13.4609836047194,-10.4609836047194
-3,-20.0126540357375,-17.0126540357375
-3,-8.45641711348155,-5.45641711348155
-3,-10.3815181626042,-7.38151816260423
-3,-22.750140381929,-19.750140381929
-3,-18.2805103655613,-15.2805103655613
-3,-19.9844204819987,-16.9844204819987
-3,-6.4234004522259,-3.4234004522259
-3,-14.6727794908303,-11.6727794908303
-3,-19.9279183323027,-16.9279183323027
-3,-20.0978991007675,-17.0978991007675
-3,-15.5390294427418,-12.5390294427418
-3,-12.4592459640552,-9.45924596405522
-3,-14.764318223579,-11.764318223579
-3,-11.5382475854496,-8.53824758544961
-3,-16.003525960225,-13.003525960225
-3,-17.2582100716022,-14.2582100716022
-3,-19.9617770744594,-16.9617770744594
-3,-1.63070822267005,1.36929177732995
-3,-3.98778676912331,-0.987786769123312
-3,-19.5477779467223,-16.5477779467223
-3,-1.08137726092655,1.91862273907345
-3,-12.0210383305718,-9.0210383305718
-3,-17.6658283530359,-14.6658283530359
-3,-19.7298729676386,-16.7298729676386
-3,-22.7282282158557,-19.7282282158557
-3,-20.2002884250518,-17.2002884250518
-3,-8.96104404626517,-5.96104404626517
-3,-2.14068103321788,0.859318966782124
-3,-11.3635949404259,-8.36359494042593
-3,-12.1179367631578,-9.11793676315782
-3,0.75874933082289,3.75874933082289
-3,-20.7903400811079,-17.7903400811079
-3,-11.947987459773,-8.947987459773
-3,-18.653013111754,-15.653013111754
-3,14.0992390839876,17.0992390839876
-3,-14.3689084657323,-11.3689084657323
-3,-15.5907052391566,-12.5907052391566
-3,-19.7692608535431,-16.7692608535431
-3,-17.1874536076862,-14.1874536076862
-3,-16.1399552458168,-13.1399552458168
-3,-20.4740178614829,-17.4740178614829
-3,-17.7121908245445,-14.7121908245445
-3,-2.62634194669851,0.373658053301493
-3,-17.9997215328356,-14.9997215328356
-3,-13.7896374488845,-10.7896374488845
-3,-16.7621631822706,-13.7621631822706
-3,-15.8921883195598,-12.8921883195598
-3,-17.1039032687049,-14.1039032687049
-3,-5.24994358672217,-2.24994358672217
-3,-17.8820966992905,-14.8820966992905
-3,-14.2711784326701,-11.2711784326701
-3,-14.0574761684624,-11.0574761684624
-3,-16.1694146601576,-13.1694146601576
-3,-3.00570753611722,-0.00570753611722186
-3,-16.0675452291531,-13.0675452291531
-3,-17.770229662895,-14.770229662895
-3,-17.104402267485,-14.104402267485
-3,1.47502016165309,4.47502016165309
-3,-13.8088749744905,-10.8088749744905
-3,-4.24915680377448,-1.24915680377448
-3,-20.517696647028,-17.517696647028
-3,-16.4315500701482,-13.4315500701482
-3,-19.8852524737622,-16.8852524737622
-3,-15.8207715615226,-12.8207715615226
-3,-18.1612215672265,-15.1612215672265
-3,-3.54312466523654,-0.543124665236541
-3,-2.66883892138299,0.331161078617009
-3,-20.4639062212765,-17.4639062212765
-3,-18.2665241051125,-15.2665241051125
-3,-22.0568309560012,-19.0568309560012
-3,-15.7841394845758,-12.7841394845758
-3,-4.05869995385965,-1.05869995385965
-3,-21.4027352651717,-18.4027352651717
-3,-16.2612803317586,-13.2612803317586
-3,-21.5137926766222,-18.5137926766222
-3,-4.56624774441472,-1.56624774441472
-3,-22.7022467576031,-19.7022467576031
-3,-17.0792121380631,-14.0792121380631
-3,-2.23139736716244,0.768602632837563
-3,-15.2212030527731,-12.2212030527731
-3,-20.254373336526,-17.254373336526
-3,-11.2330787296511,-8.23307872965109
-3,-19.8922969128372,-16.8922969128372
-3,-2.51326737039589,0.486732629604113
-3,-10.6095680682887,-7.60956806828874
-3,-16.4454728239159,-13.4454728239159
-3,-6.8218268133497,-3.8218268133497
-3,-14.0901106610338,-11.0901106610338
-3,-1.9211980451375,1.0788019548625
-3,-17.4823143037203,-14.4823143037203
-3,-17.0577738645501,-14.0577738645501
-3,-12.2198868011722,-9.21988680117225
-3,-16.6341538121059,-13.6341538121059
-3,-16.0100184483894,-13.0100184483894
-3,-13.9324705924864,-10.9324705924864
-3,-14.8284932465951,-11.8284932465951
-3,-16.9965393752431,-13.9965393752431
-3,-16.1693363742154,-13.1693363742154
-3,-20.8295170991937,-17.8295170991937
-3,-12.2749108420295,-9.27491084202948
-3,-2.14076981250432,0.859230187495685
-3,-19.6226868327514,-16.6226868327514
-3,-15.3872683897574,-12.3872683897574
-3,-16.6730279451822,-13.6730279451822
-3,-13.2094786398857,-10.2094786398857
-3,-2.32333530458439,0.676664695415606
-3,-2.8268288252624,0.173171174737604
-3,-17.034082030964,-14.034082030964
-3,-17.3902074036073,-14.3902074036074
-3,-19.9811030322534,-16.9811030322534
-3,-21.4366992335967,-18.4366992335967
-3,-17.0219046734878,-14.0219046734878
-3,-19.3956946326762,-16.3956946326762
-3,-13.7107020009437,-10.7107020009437
-3,-20.577420626121,-17.577420626121
-3,-1.10177552902332,1.89822447097668
-3,-18.2665241051125,-15.2665241051125
-3,-15.5446179385758,-12.5446179385758
-3,-14.1499345750444,-11.1499345750444
-3,-13.5975894143104,-10.5975894143104
-3,-3.38257277411877,-0.382572774118765
-3,-18.3774594961171,-15.3774594961171
-3,-21.1815889318257,-18.1815889318257
-3,-1.23651868662728,1.76348131337272
-3,-2.44933463195303,0.550665368046967
-3,-4.40484913985845,-1.40484913985845
-3,3.04001477630357,6.04001477630357
-3,-15.9621949845816,-12.9621949845816
-3,-10.7593699836427,-7.75936998364273
-3,-4.15292386330676,-1.15292386330676
-3,-13.612126437667,-10.612126437667
-3,-20.2317479312215,-17.2317479312215
-3,-17.1882813003914,-14.1882813003914
-3,-15.5298946200453,-12.5298946200453
-3,-11.3662301199171,-8.36623011991711
-3,4.80357317024952,7.80357317024952
-3,-17.5405883998485,-14.5405883998485
-3,-14.4015731465884,-11.4015731465884
-3,-18.1206869017232,-15.1206869017232
-3,-17.4839451283338,-14.4839451283338
-3,-14.4526614574086,-11.4526614574086
-3,-2.27225664078739,0.72774335921261
-3,-11.4183765182828,-8.41837651828283
-3,-14.632166092341,-11.632166092341
-3,-21.6416539849205,-18.6416539849205
-3,-18.4093705130121,-15.4093705130121
-3,-4.93637115349486,-1.93637115349486
-3,-16.759180492466,-13.759180492466
-3,-13.887358137197,-10.887358137197
-3,-3.0186517954,-0.0186517953999958
-3,-16.9836533854161,-13.9836533854161
-3,-11.4920615358789,-8.49206153587894
-3,-18.3659740176952,-15.3659740176952
-3,-17.2819350843091,-14.2819350843091
-3,-19.2418593551525,-16.2418593551525
-3,-0.239981506671755,2.76001849332825
-3,-18.9201471014829,-15.9201471014829
-3,-16.2050551521315,-13.2050551521315
-3,-20.3027640750546,-17.3027640750546
-3,-18.3636855993071,-15.3636855993071
-3,-2.67745232645719,0.322547673542814
-3,-13.9531229900972,-10.9531229900972
-3,-16.4028461366715,-13.4028461366715
-3,-15.8471021878151,-12.8471021878151
-3,-12.4402949392319,-9.44029493923186
-3,-17.022757032962,-14.022757032962
-3,-17.761461390512,-14.761461390512
-3,-20.1905621167182,-17.1905621167182
-3,-21.2211022723101,-18.2211022723101
-3,-18.3659740176952,-15.3659740176952
-3,-21.8269019678726,-18.8269019678726
-3,-2.23974316517005,0.760256834829954
-3,-14.0286128747563,-11.0286128747563
-3,-17.4080266914046,-14.4080266914046
-3,-17.7634829793869,-14.7634829793869
-3,-5.92885546006922,-2.92885546006922
-3,-17.4848150886752,-14.4848150886752
-3,-3.50266248205658,-0.502662482056582
-3,-21.1323981555472,-18.1323981555472
-3,-14.7819166863126,-11.7819166863126
-3,-19.4883339748294,-16.4883339748294
-3,-18.9201471014829,-15.9201471014829
-3,-11.0073669122894,-8.00736691228944
-3,-2.76379748266712,0.236202517332878
-3,-16.9817899482385,-13.9817899482385
-3,-11.1541596681392,-8.15415966813917
-3,-9.35036230929972,-6.35036230929972
-3,-15.8696070060265,-12.8696070060265
-3,-18.1206869017232,-15.1206869017232
-3,-0.289347116160431,2.71065288383957
-3,-12.9800959178062,-9.98009591780623
-3,-19.2458019927731,-16.2458019927731
-3,-17.395489826399,-14.395489826399
-3,-12.2836753398107,-9.28367533981072
-3,-11.8110002731023,-8.81100027310235
-3,-12.58179487916,-9.58179487915997
-3,-18.3000421839806,-15.3000421839806
-3,-19.2121257422723,-16.2121257422723
-3,-17.7314952967794,-14.7314952967794
-3,-12.2836753398107,-9.28367533981072
-3,-18.8470477234955,-15.8470477234955
-3,-15.6252026472177,-12.6252026472177
-3,-17.4540020817591,-14.4540020817591
-3,-19.1646674939647,-16.1646674939647
-3,-17.6251075399803,-14.6251075399803
-3,-2.50718986650442,0.492810133495582
-3,-16.6770593955113,-13.6770593955113
-3,-14.1372877871878,-11.1372877871878
-3,-15.15198001935,-12.15198001935
-3,-18.3080833645384,-15.3080833645384
-3,1.59622186955727,4.59622186955727
-3,-20.2868301146641,-17.2868301146641
-3,-20.4597838148625,-17.4597838148625
-3,-19.8135182730613,-16.8135182730613
-3,-19.9065567655733,-16.9065567655733
-3,-18.3000790229201,-15.3000790229201
-3,-19.8612519653172,-16.8612519653172
-3,-15.8298993543281,-12.8298993543281
-3,-14.6958676240036,-11.6958676240036
-3,-18.767668495179,-15.767668495179
-3,-16.0913394205872,-13.0913394205872
-3,-13.6493651882309,-10.6493651882309
-3,-16.7429531965253,-13.7429531965253
-3,-14.3308343123592,-11.3308343123592
-3,-13.7021101542448,-10.7021101542448
-3,1.00738876450443,4.00738876450443
-3,-16.3591589907606,-13.3591589907606
-3,-16.8765581959482,-13.8765581959482
-3,-15.9620382597303,-12.9620382597303
-3,-4.72974257738709,-1.72974257738709
-3,-13.8433648918042,-10.8433648918042
-3,-12.7311546983282,-9.73115469832819
-3,9.73507929379563,12.7350792937956
-3,-18.4124540266644,-15.4124540266644
-3,-10.3756499976757,-7.37564999767568
-3,-22.1047585916237,-19.1047585916237
-3,-16.7682165658935,-13.7682165658935
-3,1.54284253751512,4.54284253751512
-3,-9.25512394517307,-6.25512394517307
-3,-15.0432754567345,-12.0432754567345
-3,-19.363561853538,-16.363561853538
-3,-20.0772979038207,-17.0772979038207
-3,-13.8307448945846,-10.8307448945846
-3,-18.1243951512692,-15.1243951512692
-3,2.17107740910552,5.17107740910552
-3,-21.0147650821458,-18.0147650821458
-3,2.13367503431452,5.13367503431452
-3,-16.0259608658085,-13.0259608658085
-3,-18.492416538178,-15.492416538178
-3,-14.2578043505997,-11.2578043505997
-3,-17.428633558316,-14.428633558316
-3,-13.541395204305,-10.541395204305
-3,-17.3045163978425,-14.3045163978425
-3,-21.5010870071448,-18.5010870071448
-3,-18.1568459703161,-15.1568459703161
-3,-3.95631243379375,-0.956312433793753
-3,-16.7209516108887,-13.7209516108887
-3,-19.4616086705193,-16.4616086705193
-3,-18.6098208849085,-15.6098208849085
-3,-16.201264142395,-13.201264142395
-3,1.01445076490977,4.01445076490977
-3,-15.0663635899078,-12.0663635899078
-3,-12.5394874844898,-9.53948748448975
-3,-17.7054924728934,-14.7054924728934
-3,-10.4369153135012,-7.4369153135012
-3,-17.9359678388672,-14.9359678388672
-3,-16.5089700999843,-13.5089700999843
-3,-19.4957929788833,-16.4957929788833
-3,-19.1095379047079,-16.1095379047079
-3,-15.5920245908689,-12.5920245908689
-3,-3.82604919485442,-0.826049194854416
-3,-3.05150353980684,-0.051503539806844
-3,-2.07036511804176,0.929634881958235
-3,-19.7660724400341,-16.7660724400341
-3,-11.5358079830494,-8.53580798304935
-3,-13.6316644002502,-10.6316644002502
-3,-19.4382782281232,-16.4382782281232
-3,-14.7975156273903,-11.7975156273903
-3,-10.8879273925457,-7.88792739254572
-3,-10.3765228464528,-7.37652284645282
-3,-7.81682766106012,-4.81682766106012
-3,-21.8873778295334,-18.8873778295334
-3,-12.8138719382321,-9.81387193823209
-3,-15.9702599538494,-12.9702599538494
-3,-18.5537939558516,-15.5537939558516
-3,-5.86261106825548,-2.86261106825548
-3,-14.1528352789641,-11.1528352789641
-3,-14.607888573814,-11.607888573814
-3,-18.8541371057448,-15.8541371057448
-3,-22.0835768551949,-19.0835768551949
-3,-10.8066982303364,-7.80669823033639
-3,-23.156357228093,-20.156357228093
-3,-14.0315870570014,-11.0315870570014
-3,-8.59733582019971,-5.59733582019971
-3,-15.6293098810987,-12.6293098810987
-3,-19.9688198906866,-16.9688198906866
-3,-19.6977695571074,-16.6977695571074
-3,-5.9460853216706,-2.9460853216706
-3,-14.6955140379207,-11.6955140379207
-3,-20.7553559201971,-17.7553559201971
-3,-20.3218163888905,-17.3218163888905
-3,-15.8305070127903,-12.8305070127903
-3,-16.5486583186287,-13.5486583186287
-3,-1.31140018068317,1.68859981931683
-3,-20.7228730742138,-17.7228730742138
-3,-2.58017214377075,0.419827856229247
-3,-20.2745358319104,-17.2745358319104
-3,-20.5630651338079,-17.5630651338079
-3,-15.3332312569771,-12.3332312569771
-3,-14.204689230996,-11.204689230996
-3,-15.7450923977252,-12.7450923977252
-3,-15.4642109530169,-12.4642109530169
-3,-13.6922624826915,-10.6922624826915
-3,-19.2991167008394,-16.2991167008394
-3,-21.5335207913566,-18.5335207913566
-3,-15.4321892324177,-12.4321892324177
-3,-4.0147774711622,-1.0147774711622
-3,-14.1139582570272,-11.1139582570272
-3,-16.6855846628159,-13.6855846628159
-3,-16.9848444509921,-13.9848444509921
-3,-16.0908270357965,-13.0908270357965
-3,-15.0916284723731,-12.0916284723731
-3,-18.8558229717764,-15.8558229717764
-3,-22.2688248381471,-19.2688248381471
-3,-11.4549854826471,-8.45498548264713
-3,-15.1523086443565,-12.1523086443565
-3,-5.53317742205085,-2.53317742205085
-3,-19.7936390820046,-16.7936390820046
-3,-19.088124073628,-16.088124073628
-3,-14.7263490205784,-11.7263490205784
-3,-17.1112116093815,-14.1112116093815
-3,-17.6948421817902,-14.6948421817902
-3,-22.2119751274695,-19.2119751274695
-3,-15.8298993543281,-12.8298993543281
-3,-16.5364028840564,-13.5364028840564
-3,-19.6025605354019,-16.6025605354019
-3,-17.6658725500521,-14.6658725500521
-3,-12.8329957323214,-9.83299573232143
-3,-20.846677753706,-17.846677753706
-3,-21.5273618685086,-18.5273618685086
-3,-20.5778929120475,-17.5778929120475
-3,-18.106055791687,-15.106055791687
-3,-21.0472910361311,-18.0472910361311
-3,-14.3035013726094,-11.3035013726094
-3,-18.9218434206452,-15.9218434206452
-3,-17.4492405253108,-14.4492405253108
-3,-3.70929105816436,-0.709291058164357
-3,-17.654745121752,-14.654745121752
-3,-16.6971831344206,-13.6971831344206
-3,-9.66084729721522,-6.66084729721522
-3,-5.26397351872053,-2.26397351872053
-3,-22.1619510747617,-19.1619510747617
-3,-2.39828163399694,0.60171836600306
-3,-17.4381750662291,-14.4381750662291
-3,-16.4747511883784,-13.4747511883784
-3,-17.770229662895,-14.770229662895
-3,-17.6028911697201,-14.6028911697201
-3,-7.55179138381146,-4.55179138381146
-3,-4.0475396484956,-1.0475396484956
-3,-4.12356470592726,-1.12356470592726
-3,-15.2904228558333,-12.2904228558333
-3,-17.2819350843091,-14.2819350843091
-3,-8.40757797053669,-5.40757797053669
-3,-13.4177714285481,-10.4177714285481
-3,-16.2076293731772,-13.2076293731772
-3,-17.3101416417251,-14.3101416417251
-3,-3.0050785808094,-0.00507858080940249
-3,-19.4677189867356,-16.4677189867356
-3,-11.9742246139127,-8.97422461391274
-3,-3.19460942900761,-0.19460942900761
-3,-22.2438860532599,-19.2438860532599
-3,-19.4696422240982,-16.4696422240982
-3,0.0468739820014914,3.04687398200149
-3,-22.1047585916237,-19.1047585916237
-3,-19.9191700582098,-16.9191700582098
-3,-16.9463376892694,-13.9463376892694
-3,0.777950712542052,3.77795071254205
-3,-2.73555966707842,0.264440332921576
-3,-6.55349596252577,-3.55349596252577
-3,-15.1522726902081,-12.1522726902081
-3,-17.8683566671735,-14.8683566671735
-3,-23.5520912375307,-20.5520912375307
-3,-17.7512632263869,-14.7512632263869
-3,-14.5412615892083,-11.5412615892083
-3,-21.9410049969064,-18.9410049969064
-3,-17.0642236793086,-14.0642236793086
-3,-17.5733232842042,-14.5733232842042
-3,-13.3680198726125,-10.3680198726125
-3,-17.0478516568532,-14.0478516568532
-3,-20.2925870420222,-17.2925870420222
-3,-16.9265468565899,-13.9265468565899
-3,-16.0021553737339,-13.0021553737339
-3,-14.3718114062932,-11.3718114062932
-3,-18.4475844088151,-15.4475844088151
-3,-20.2940456388904,-17.2940456388904
-3,-3.09422422487004,-0.0942242248700405
-3,-15.3030930044247,-12.3030930044247
-3,-3.0050785808094,-0.00507858080940249
-3,-1.92646701397748,1.07353298602252
-3,-17.1349149695948,-14.1349149695948
-3,-19.7643216055968,-16.7643216055968
-3,-13.4913313612848,-10.4913313612848
-3,-17.3101614149358,-14.3101614149358
-3,-11.595043390443,-8.59504339044296
-3,-15.7467880304216,-12.7467880304216
-3,-13.9159948593836,-10.9159948593836
-3,-0.249225209778136,2.75077479022186
-3,-18.2819882257537,-15.2819882257537
-3,-17.9114922598494,-14.9114922598494
-3,-12.4631421998172,-9.46314219981716
-3,-19.0792190089921,-16.0792190089921
-3,-6.36824797957364,-3.36824797957364
-3,-8.25965321264052,-5.25965321264052
-3,-21.3668369147778,-18.3668369147778
-3,-20.9453430582885,-17.9453430582885
-3,-15.6106017687146,-12.6106017687146
-3,-13.8094976555406,-10.8094976555406
-3,0.661088484215679,3.66108848421568
-3,-3.22668394854614,-0.226683948546142
-3,-16.1898153864034,-13.1898153864034
-3,-14.9391619725909,-11.9391619725909
-3,-13.8942415681648,-10.8942415681648
-3,-19.3323531369569,-16.3323531369569
-3,-4.67368506223394,-1.67368506223394
-3,-4.28888447539227,-1.28888447539227
-3,-19.8805502780085,-16.8805502780085
-3,-0.280127127209117,2.71987287279088
-3,-3.94010476613523,-0.940104766135231
-3,1.44831988779544,4.44831988779544
-3,-15.2610561638583,-12.2610561638583
-3,-22.2420789389533,-19.2420789389533
-3,-17.0164933351254,-14.0164933351254
-3,-20.2439031003305,-17.2439031003305
-3,-16.2544180624402,-13.2544180624402
-3,-16.4744605442741,-13.4744605442741
-3,-16.99171215655,-13.99171215655
-3,-13.4688303888967,-10.4688303888967
-3,-15.9961240548724,-12.9961240548724
-3,-15.9929143697723,-12.9929143697723
-3,-19.8161166327267,-16.8161166327267
-3,-16.5838918036473,-13.5838918036473
-3,-15.5920245908689,-12.5920245908689
-3,-20.7912363538751,-17.7912363538751
-3,-20.6491542042286,-17.6491542042286
-3,-19.6797484561624,-16.6797484561624
-3,0.0963079781976166,3.09630797819762
-3,-15.093976737336,-12.093976737336
-3,-11.947987459773,-8.947987459773
-3,-14.9609991126798,-11.9609991126798
-3,-19.2645316194726,-16.2645316194726
-3,-16.2873240742309,-13.2873240742309
-3,-19.9279021718937,-16.9279021718937
-3,-0.577800750418022,2.42219924958198
-3,-5.33762714601535,-2.33762714601535
-3,-18.5519638307863,-15.5519638307863
-3,-18.0010327430976,-15.0010327430976
-3,-5.80471518826072,-2.80471518826072
-3,-3.82917770251765,-0.829177702517648
-3,-12.2836753398107,-9.28367533981072
-3,-20.7142751860682,-17.7142751860682
-3,2.44391252840255,5.44391252840255
-3,-17.1757513479231,-14.1757513479231
-3,-11.947987459773,-8.947987459773
-3,-14.1865634233411,-11.1865634233411
-3,-10.9957341540129,-7.99573415401286
-3,-14.4585322588388,-11.4585322588388
-3,-17.9997215328356,-14.9997215328356
-3,-14.1635363299216,-11.1635363299216
-3,-15.6640013948695,-12.6640013948695
-3,-8.33632000671264,-5.33632000671264
-3,-17.7440252492478,-14.7440252492478
-3,-1.42107573416525,1.57892426583475
-3,-17.2111684865937,-14.2111684865937
-3,-21.5126970118255,-18.5126970118255
-3,-17.5233100164092,-14.5233100164092
-3,-11.3194096964331,-8.31940969643309
-3,-11.072261351987,-8.07226135198702
-3,-11.8144635295394,-8.81446352953937
-3,-20.8610246725216,-17.8610246725216
-3,-3.37041428167401,-0.370414281674006
-3,-17.5332353843857,-14.5332353843857
-3,-14.4069913422165,-11.4069913422165
-3,-12.2095837319237,-9.20958373192374
-3,-17.6091288409981,-14.6091288409981
-3,-12.4587996747998,-9.45879967479985
-3,-15.4279365086295,-12.4279365086295
-3,-2.8705301499997,0.129469850000303
-3,-13.7656720909285,-10.7656720909285
-3,-20.0317607054209,-17.0317607054209
-3,-13.7896374488845,-10.7896374488845
-3,-16.0992821484307,-13.0992821484307
-3,-6.25425796044557,-3.25425796044557
-3,-17.168667499874,-14.168667499874
-3,-16.4987562874701,-13.4987562874701
-3,4.13914943624451,7.13914943624451
-3,-16.8176130402247,-13.8176130402247
-3,-1.49340507383136,1.50659492616864
-3,-10.854730480817,-7.854730480817
-3,-19.3976149749205,-16.3976149749205
-3,-17.761461390512,-14.761461390512
-3,-13.2094786398857,-10.2094786398857
-3,-9.1214970353577,-6.1214970353577
-3,-21.1722482103101,-18.1722482103101
-3,-17.1869568757351,-14.1869568757351
-3,-2.72865624717328,0.27134375282672
-3,-17.4492488108703,-14.4492488108703
-3,-15.2696999089938,-12.2696999089938
-3,-14.9853925217067,-11.9853925217067
-3,-14.3175677341457,-11.3175677341457
-3,-13.7196146951295,-10.7196146951295
-3,-1.23104080718774,1.76895919281226
-3,-15.8396460694768,-12.8396460694768
-3,-17.1740431737387,-14.1740431737387
-3,-4.33817184625888,-1.33817184625888
-3,-17.7443350740637,-14.7443350740637
-3,-13.6121750554181,-10.6121750554181
-3,-17.2386328750939,-14.2386328750939
-3,-5.26441176101949,-2.26441176101949
-3,-16.1855549247814,-13.1855549247814
-3,-18.0957085723907,-15.0957085723907
-3,-17.7086116696296,-14.7086116696296
-3,-1.45392747857209,1.54607252142791
-3,-16.8649632688829,-13.8649632688829
-3,-2.62333238534454,0.376667614655459
-3,-15.8088879064156,-12.8088879064156
-3,-16.2076293731772,-13.2076293731772
-3,-3.34308953899564,-0.343089538995637
-3,3.62834017174421,6.62834017174421
-3,0.803977538125657,3.80397753812566
-3,-3.0050785808094,-0.00507858080940249
-3,-11.8110002731023,-8.81100027310235
-3,2.8025993550036,5.8025993550036
-3,-15.3487616280347,-12.3487616280347
-3,-13.612126437667,-10.612126437667
-3,-15.6295002001074,-12.6295002001074
-3,-15.3842138870037,-12.3842138870037
-3,-14.9846603611197,-11.9846603611197
-3,-8.18732362696436,-5.18732362696436
-3,-20.8659099292636,-17.8659099292636
-3,-13.2969629348332,-10.2969629348332
-3,-1.44546023971792,1.55453976028208
-3,-19.3740418584175,-16.3740418584175
-3,-14.9782656621304,-11.9782656621304
-3,-20.3218163888905,-17.3218163888905
-3,-14.0814891905628,-11.0814891905628
-3,-15.0432215576424,-12.0432215576424
-3,-21.124253060407,-18.124253060407
-3,0.461372754087727,3.46137275408773
-3,-18.1271971645805,-15.1271971645805
-3,-4.20807380769783,-1.20807380769783
-3,-17.1589789079252,-14.1589789079252
-3,-18.3080833645384,-15.3080833645384
-3,0.0692481493530135,3.06924814935301
-3,-17.9436445324189,-14.9436445324189
-3,-6.08652976149024,-3.08652976149024
-3,-10.4890516218104,-7.48905162181042
-3,-22.5419327992115,-19.5419327992115
-3,-15.8305070127903,-12.8305070127903
-3,-16.4987562874701,-13.4987562874701
-3,-20.2909338048496,-17.2909338048496
-3,-16.6182096322556,-13.6182096322556
-3,-13.6983158022227,-10.6983158022227
-3,-21.8259091026886,-18.8259091026886
-3,-13.5754661724354,-10.5754661724354
-3,-19.9220910761179,-16.9220910761179
-3,-20.7228730742138,-17.7228730742138
-3,-19.9987662560134,-16.9987662560134
-3,-13.2056269472407,-10.2056269472407
-3,-18.5537939558516,-15.5537939558516
-3,-15.6660873555332,-12.6660873555332
-3,-16.8254670719211,-13.8254670719211
-3,-17.2739871344713,-14.2739871344713
-3,-19.1361881779374,-16.1361881779374
-3,-17.981418724543,-14.981418724543
-3,-18.6920899628792,-15.6920899628792
-3,-18.3570591997342,-15.3570591997342
-3,-15.7255244931737,-12.7255244931737
-3,-6.82636575128794,-3.82636575128794
-3,-6.98791743404898,-3.98791743404898
-3,-11.6811230933672,-8.68112309336715
-3,-15.9507430484614,-12.9507430484614
-3,-7.32136528066115,-4.32136528066115
-3,-12.6407711450405,-9.64077114504053
-3,-12.9990926421257,-9.99909264212574
-3,-15.3718577987789,-12.3718577987789
-3,-11.2964074565687,-8.29640745656867
-3,-10.686099278576,-7.68609927857597
-3,-12.7305818327049,-9.73058183270492
-3,-21.6102300969723,-18.6102300969723
-3,-19.4843646837915,-16.4843646837915
-3,-18.2646120968633,-15.2646120968633
-3,-1.71357589483386,1.28642410516614
-3,-4.75688975233845,-1.75688975233845
-3,-16.166345717571,-13.166345717571
-3,-14.3250180720165,-11.3250180720165
-3,-15.5735151902835,-12.5735151902835
-3,-16.486441034675,-13.486441034675
-3,-19.5342486505563,-16.5342486505563
-3,-20.5797323491262,-17.5797323491262
-3,-2.48221096283385,0.517789037166146
-3,-3.43522281516114,-0.43522281516114
-3,-17.8086309575422,-14.8086309575422
-3,-5.47448408567037,-2.47448408567037
-3,-17.0372218528872,-14.0372218528872
-3,-17.5777661557166,-14.5777661557166
-3,-18.9072234525063,-15.9072234525063
-3,-7.58007377384352,-4.58007377384352
-3,-22.1037125807109,-19.1037125807109
-3,-18.0746434228817,-15.0746434228817
-3,-20.2002884250518,-17.2002884250518
-3,-17.7327040883585,-14.7327040883585
-3,-10.8575670870044,-7.85756708700444
-3,-17.7210698159879,-14.7210698159879
-3,-18.7013050331386,-15.7013050331386
-3,-15.7263844535152,-12.7263844535152
